filename, alternaria alternata, cercospora nicotianae, no cercospora nicotianae or alternaria alternata present
Zachariah-Hansen2_jpg.rf.a0b83d42ef126af72cce8396513a0751.jpg,0,1,0
Target_Spot_Leaf_zciIWN3_jpg.rf.a0c5dd8112bca507bf132c9dddaac7cc.jpg,0,1,0
healthy-17-_jpg.rf.a38e05b56c30f0e69dceff8891c3e0dc.jpg,0,0,1
image_processing20220902-1323621-8ev7f7_jpg.rf.a315017c3e18b547064a13b3218fdfef.jpg,0,1,0
image_processing20220902-2740616-1w39gp2_jpg.rf.a128f67cf1a46b8f256d0cd8de9c115d.jpg,1,0,0
image_processing20220902-2740616-1w39gp2_jpg.rf.a480c62e658b462a7df534690b96b9ee.jpg,1,0,0
Target_Spot_Leaf_zciIWN3_jpg.rf.a0a1a49576f2cd3a20bd274ad76e8575.jpg,0,1,0
healthy-4-_jpg.rf.a1cdb9e8a683bf481f0d9c075861f070.jpg,0,0,1
1436046_jpg.rf.a3d95053c0fbf60d61c6516cba8cf8f7.jpg,1,0,0
1436046_jpg.rf.a1d739a479bdf32b339b0e54dd84c194.jpg,1,0,0
Target_Spot_Leaf_zciIWN3_jpg.rf.a0c715bd02feefbc5696ae9a06bd430f.jpg,0,1,0
4211_jpg.rf.a5e23ef8fd29757afc096b9e052654c5.jpg,0,1,0
Alternaria-Zimbabwe1_jpg.rf.a6d9f54770139a06757d8e91d6c14889.jpg,1,0,0
healthy-35-_jpg.rf.a59cdd23a01934e226ed694a305f33b1.jpg,0,0,1
healthy-32-_jpeg_jpg.rf.a102dcb97d8b58d588995892932f9276.jpg,0,0,1
1280px-Alternariaalternata_jpg.rf.a18a5a66e4ea276143dcdb7d8ddc4191.jpg,1,0,0
image_processing20220902-1323614-fzpxm_jpg.rf.a2528fce9193ce6d8f678e5e0bec4b53.jpg,0,1,0
180614tc_jpg.rf.a5deafca738837e264f4b4353dca8767.jpg,0,1,0
image_processing20220902-1323614-fzpxm_jpg.rf.a641ad1b37604916a5bfee9634e6fcf2.jpg,0,1,0
cercni_jpg.rf.a2be501b39afa654911e79b81cdface0.jpg,0,1,0
Alternaria-Zimbabwe1_jpg.rf.a460e7c596e42dc64bd90f48cab6e0b9.jpg,1,0,0
healthy-6-_jpg.rf.a7919e4835e3982d200dd2a24586b88e.jpg,0,0,1
1-cercosporiose-2_jpg.rf.a681a198411cfd88192ccff63f093e94.jpg,0,1,0
tabac245_jpg.rf.a7abd60936b4a02fd75eabd94b51aba3.jpg,0,1,0
tabac245_jpg.rf.a5123ca58cf271f1262c3357e3f5a5cf.jpg,0,1,0
image_processing20220902-2740616-xssvza_jpg.rf.a879d84afd95dd8985d417b091c19fd8.jpg,1,0,0
image_processing20220902-2740614-1xsizc_jpg.rf.a2ed206e903c6256ff698f05496d20d2.jpg,0,1,0
tabac245_jpg.rf.a81874ca93e1c48f27669e388e57d1e0.jpg,0,1,0
1440024_jpg.rf.a8c499a9182dbf5ae5b5e53a4dd909de.jpg,1,0,0
180614tc_jpg.rf.a8ead9ff4fa92829d2414bafdbcd9892.jpg,0,1,0
1-cercosporiose-2_jpg.rf.a89e42476c437d0d0a64713ab3faa1a2.jpg,0,1,0
cercni2_jpg.rf.a8e29074e97e70cd8edf0b24ac1d7521.jpg,0,1,0
180614tb_jpg.rf.aa369589d0c68f35d277779d00ee932d.jpg,0,1,0
cercni2_jpg.rf.a925c43c26b4aa39b6dbf45c3a6fbc33.jpg,0,1,0
tabac264-265-266_jpg.rf.aae8649f2b42c8992927837ea37c6500.jpg,1,0,0
Alternaria-tabac3_jpg.rf.a941a3d7a4b216fd4962aacf06830f3e.jpg,1,0,0
Target_Spot_Leaf_zciIWN3_jpg.rf.aafd0e532409d64bee9d995dd507580f.jpg,0,1,0
tabac237_jpg.rf.ab7e6fc45bbaf21880f3f9e615b793e7.jpg,0,1,0
healthy-5-_jpg.rf.a5a572387ddbbce86a58a7d14238abc0.jpg,0,0,1
tabac261_jpg.rf.ab83785e8e62a3956713e7992c52a664.jpg,1,0,0
tabac264-265-266_jpg.rf.acb2b6d284a7d7a4a541bf67b1abb2f0.jpg,1,0,0
tabac261_jpg.rf.abdaf0fac10494eb84125b125bc8a37d.jpg,1,0,0
healthy-30-_jpg.rf.abd3b775fe99308c199567e16a93db7b.jpg,0,0,1
Target_Spot_Leaf_zciIWN3_jpg.rf.ad080fcd5fe01f8f4394d1d0d09fe929.jpg,0,1,0
4211_jpg.rf.ace7dc72a40cec8a2859e7cc4ad44445.jpg,0,1,0
Zachariah-Hansen2_jpg.rf.ad4b96089ef0797034a049f8214c3875.jpg,0,1,0
1440025lgpt_jpg.rf.adc984b3ad8e66930f0dc8ad6c63d7a9.jpg,1,0,0
healthy-16-_jpg.rf.ad3c2d89d535c32a76d1023c5641b259.jpg,0,0,1
Brown_Spot_3_Large_9jOnKmI_jpg.rf.ad96ee9c29ebe034876a25e494c819f8.jpg,0,1,0
180614tc_jpg.rf.ae7d8eef6e65ef5dc6f40067b785e8c8.jpg,0,1,0
1436046_jpg.rf.adfefe2bca3dab5a1872e4eea3ff9853.jpg,1,0,0
1436046_jpg.rf.ae45c68e6dc6e27204e230be9bd87103.jpg,1,0,0
Alternaria-tabac3_jpg.rf.aeb071ef270404cdcf3a8f82fe0d59b0.jpg,1,0,0
1497002_jpg.rf.af0700ef217d3e2176b6b13bc3390c16.jpg,1,0,0
image_processing20220902-1323614-fzpxm_jpg.rf.aebddf1525afa1a956123b6fdc7c7bbf.jpg,0,1,0
1280px-Alternariaalternata_jpg.rf.af26467e0665366e63870fcf368ff4f1.jpg,1,0,0
Early_FLS_jpg.rf.af10551d52815532f5a27a9624cd24c2.jpg,0,1,0
1524158_jpg.rf.afb91a6fefdd2f2445dd222279190982.jpg,1,0,0
Early_FLS_jpg.rf.b1245ac151408a1e3294f63f7280bc88.jpg,0,1,0
Early_FLS_jpg.rf.b0553de761193d8ef6af340336f535ca.jpg,0,1,0
1524158_jpg.rf.b11814290c791f18ce98d533d54ffab9.jpg,1,0,0
1-cercosporiose-2_jpg.rf.b1435d58e4a2a5288f9962c1b1bfc2cd.jpg,0,1,0
1524158_jpg.rf.b1c607c6fd37c5f773d55857b8e49c6c.jpg,1,0,0
tabac237_jpg.rf.b3184d73b94841195243f5e803301417.jpg,0,1,0
Early_FLS_jpg.rf.b333d8a80b444834362a12cc081ad49e.jpg,0,1,0
Zachariah-Hansen2_jpg.rf.b38df5ce0e694829e560e854f067f9c0.jpg,0,1,0
healthy-4-_jpg.rf.b38d5af8742cfe877ec8fdc89cf51046.jpg,0,0,1
healthy-20-_jpg.rf.b353af6bf44128429d0985eda69d97c6.jpg,0,0,1
cercni_jpg.rf.b417b64ca2e0e31bde399b9134da5de2.jpg,0,1,0
Target_Spot_Leaf_zciIWN3_jpg.rf.b5590807d6657bbe3037397c9d8d95cb.jpg,0,1,0
image_processing20220902-1323621-8ev7f7_jpg.rf.b4a9dc02222019adb3b6d4ab7bd479a0.jpg,0,1,0
Early_FLS_jpg.rf.b4bb8226e4783ccc30fd218375a52cd1.jpg,0,1,0
180614tb_jpg.rf.b3be9c21548dcb0fcde2cb65dba04b54.jpg,0,1,0
Alternaria-Zimbabwe1_jpg.rf.b5a782892fc512c48d838e4d516be9c3.jpg,1,0,0
Target_Spot_Leaf_zciIWN3_jpg.rf.b59ed02257a645e3e612eb6f19921604.jpg,0,1,0
Alternaria-Zimbabwe1_jpg.rf.b633ca5c4cce25e811872de42308d878.jpg,1,0,0
image_processing20220902-1323614-fzpxm_jpg.rf.b5ae0f4aee87673e01759fc08d4f63db.jpg,0,1,0
1440024_jpg.rf.b643eed2adba493158cace6c85ec7b14.jpg,1,0,0
healthy-16-_jpg.rf.b66d54c9ccf6f1f4659e228a552d7fe4.jpg,0,0,1
healthy-17-_jpg.rf.b67b3f4df558880356f6b8fbe5b17e3f.jpg,0,0,1
image_processing20220902-1323614-fzpxm_jpg.rf.b6a0b66dea309d89c54900a16f8a8fa5.jpg,0,1,0
Brown_Spot_3_Large_9jOnKmI_jpg.rf.b7729ba7335738a5a70db88a33b6c86a.jpg,0,1,0
healthy-20-_jpg.rf.b8315f1ec753b693f40d6bcb306e315c.jpg,0,0,1
Early_FLS_jpg.rf.b7d65659cca383fb2b98e918b2fe06c6.jpg,0,1,0
1436046_jpg.rf.b7bf78b80afa189259107b00c209eb38.jpg,1,0,0
healthy-4-_jpg.rf.b8952907b049cd10122ce5b43cf552ca.jpg,0,0,1
healthy-4-_jpg.rf.b8d0688cc2ae6ceee0f3802405b97f7c.jpg,0,0,1
Alternaria-tabac3_jpg.rf.b8d7519b171c39d55c61079f89a8a7c3.jpg,1,0,0
healthy-19-_jpg.rf.b9da9de7f23c1358984b7f5b9678c3be.jpg,0,0,1
healthy-20-_jpg.rf.ba4117fdca7ddc4a1ecd371bc8246f3b.jpg,0,0,1
Target_Spot_Leaf_zciIWN3_jpg.rf.b9995d03c44eb263574f6058986c2fc3.jpg,0,1,0
1440025lgpt_jpg.rf.ba0b583ace5692e8758f82f255fc9571.jpg,1,0,0
healthy-30-_jpg.rf.bbf3bb272f80d23e9e584f619ae4fc4e.jpg,0,0,1
180614tb_jpg.rf.bc268d0626db49625c5f69d1b7b9267a.jpg,0,1,0
image_processing20220902-1323621-8ev7f7_jpg.rf.b8601abf146f8e6230e8034d3eaf89b1.jpg,0,1,0
Early_FLS_jpg.rf.bcda09ba644cd6c61c9cd37fbfa29e25.jpg,0,1,0
4211_jpg.rf.bd8c98a8fd990738daa87d94910f3785.jpg,0,1,0
Brown_Spot_3_Large_9jOnKmI_jpg.rf.bd6e518b3511652ba01f157f68552708.jpg,0,1,0
1524158_jpg.rf.ba998ebb00a0b74dc063dc7d3aafbd2f.jpg,1,0,0
tabac261_jpg.rf.be3b2db9dd41994701a2f6b758622f1d.jpg,1,0,0
1440024_jpg.rf.bdaff61893095b59cccbfaaee0c030f5.jpg,1,0,0
image_processing20220902-2740616-1w39gp2_jpg.rf.be72fb38bd53b9644ed230806c6f0411.jpg,1,0,0
healthy-6-_jpg.rf.bebaaadef331a2d8195a84c94030acb6.jpg,0,0,1
Zachariah-Hansen2_jpg.rf.bf286105ba100abd9951d1647844a6c0.jpg,0,1,0
tabac245_jpg.rf.bf159a381e7dab70b4eec7a896b03fe6.jpg,0,1,0
1440024_jpg.rf.bde649e8f20a981fed6ab4ee014133f2.jpg,1,0,0
healthy-15-_jpg.rf.bee00e27483f2ed04566e3bce899db45.jpg,0,0,1
image_processing20220902-1323621-8ev7f7_jpg.rf.bf76e041166825f18da17d0396f4a17d.jpg,0,1,0
healthy-25-_jpg.rf.c005b9c9fe5c08f949fbdc38fb862aaa.jpg,0,0,1
1436046_jpg.rf.bfafa59e6db37e213b2b9eed79122417.jpg,1,0,0
Alternaria-tabac1_jpg.rf.bfaf9b6fcc2b911d2e49af06d2e9ff3a.jpg,1,0,0
healthy-19-_jpg.rf.c12361b771dbf4fc8fba5b960d2c7f71.jpg,0,0,1
healthy-27-_jpg.rf.c084f2cc75317c3701fb7a0075b96ec9.jpg,0,0,1
4211_jpg.rf.c047fbb2345aba2b13e3d9a009eea5be.jpg,0,1,0
4211_jpg.rf.c1f3c3a42743bde43db1a92d607c08f9.jpg,0,1,0
Brown_Spot_3_Large_9jOnKmI_jpg.rf.c248226bd701ad51c262eb54cc183c4e.jpg,0,1,0
Target_Spot_Leaf_zciIWN3_jpg.rf.c20a9dcf754f59f30287f32c7b37084a.jpg,0,1,0
healthy-35-_jpg.rf.c28b86a816dbc28519f54fd99ec6b4c3.jpg,0,0,1
healthy-27-_jpg.rf.c2c44869b57c56dd1cef45572a565a55.jpg,0,0,1
Alternaria-Zimbabwe1_jpg.rf.c29a1548409bb87149aeec581f6ba79a.jpg,1,0,0
Early_FLS_jpg.rf.c2c153c387766ff194f44d7f0f1f1c47.jpg,0,1,0
image_processing20220902-2740616-xssvza_jpg.rf.c30c181036b2bf4b1e850916f0e95319.jpg,1,0,0
4211_jpg.rf.c3aa37bb9cc80712ab99a410d1036541.jpg,0,1,0
180614tc_jpg.rf.c34b08e68a6c0d0c1a3e824b3d64d29a.jpg,0,1,0
tabac245_jpg.rf.c43f74442671b9a883b40efe602d4a70.jpg,0,1,0
tabac264-265-266_jpg.rf.c41d7f5145f65aba3a994b9c455d35d8.jpg,1,0,0
1436046_jpg.rf.c355315b4d9262b71318191178954e46.jpg,1,0,0
image_processing20220902-2740614-1xsizc_jpg.rf.c3c6a313f51b18e3dd8162c407a1d1b0.jpg,0,1,0
180614tb_jpg.rf.c43b99710179f25895534fd79fcef0ac.jpg,0,1,0
healthy-16-_jpg.rf.c4641bee7c1b14ba42a43147f81551d6.jpg,0,0,1
1440024_jpg.rf.c582b3da9c8daad3b1ff48b341efd549.jpg,1,0,0
1497002_jpg.rf.c550518ac8a3c1a6a11ef4127fcea22b.jpg,1,0,0
1440025lgpt_jpg.rf.c5a37eb66f7b9b2e444e2a962a51ea9d.jpg,1,0,0
healthy-20-_jpg.rf.c5faea6fbffa753f405edfa359d20361.jpg,0,0,1
180614tc_jpg.rf.c4ce33cbc396eb06a3d7234edb1cccba.jpg,0,1,0
healthy-4-_jpg.rf.c64863a8328b8339bf6ec110aa72c547.jpg,0,0,1
healthy-29-_jpg.rf.c63746a7fe54f780bd98582c59853883.jpg,0,0,1
image_processing20220902-1323614-fzpxm_jpg.rf.c685ec2016a852dc24387d7b0c00131d.jpg,0,1,0
Early_FLS_jpg.rf.c662742340e7d134c70802bdaa023128.jpg,0,1,0
healthy-6-_jpg.rf.c6a14f93758f9a7071fe0da0f0da8449.jpg,0,0,1
Alternaria-tabac1_jpg.rf.c63c1793ee95bf72147b243631ec86be.jpg,1,0,0
healthy-17-_jpg.rf.c6fc22ebe932c7dffa23c68ed8850e18.jpg,0,0,1
Alternaria-tabac3_jpg.rf.c6c9d4c4cca1b2446b371802507d92d7.jpg,1,0,0
1-cercosporiose-2_jpg.rf.c6c9acbd540e1bfd29527da4fad0b5e1.jpg,0,1,0
image_processing20220902-1323614-fzpxm_jpg.rf.c784b555f02a1885c4ca45be8a8d1eba.jpg,0,1,0
1440024_jpg.rf.c7786eca523dff4c5ec5930a63d13907.jpg,1,0,0
healthy-34-_jpg.rf.c7d69c9df632cb2cd2bded0934e0625a.jpg,0,0,1
healthy-27-_jpg.rf.c82ceb293324fb7127a4f2aaf7dc082e.jpg,0,0,1
healthy-34-_jpg.rf.c84435ee7c4979c1a0c8dd04142dea9d.jpg,0,0,1
Zachariah-Hansen2_jpg.rf.c86330e8b45242cd4905212f1a2d0e03.jpg,0,1,0
1436046_jpg.rf.c8d218db9a527a9be3c1ae925c6b3a82.jpg,1,0,0
Alternaria-tabac1_jpg.rf.c939775f56ac617bcd8e6825df7e4278.jpg,1,0,0
180614tb_jpg.rf.c98404f86824ea0aadce17f40d3a9e86.jpg,0,1,0
healthy-30-_jpg.rf.c9b539d313f324a38ad46626f4d64e60.jpg,0,0,1
tabac261_jpg.rf.c95ba21d3a9ba6374efdbff4d29d753a.jpg,1,0,0
healthy-19-_jpg.rf.ca21b531209f1b4b74c3c76e8b9dd84c.jpg,0,0,1
1497002_jpg.rf.c9a22fc5047dd49697f56822893621db.jpg,1,0,0
1280px-Alternariaalternata_jpg.rf.ca7d964692b9349aee4422f8f42860c5.jpg,1,0,0
1440024_jpg.rf.ca28a007595e5812db004d37b2e97e30.jpg,1,0,0
Early_FLS_jpg.rf.ca33283850dc17a41ad56535ce240b7a.jpg,0,1,0
healthy-15-_jpg.rf.c9dda4e8093f1eada9081108f233ff5d.jpg,0,0,1
1524158_jpg.rf.ca3a92bfc78507b5e3517d2d893394b5.jpg,1,0,0
image_processing20220902-1323621-8ev7f7_jpg.rf.ccb6af7ec6409b42fb450604a7128887.jpg,0,1,0
image_processing20220902-2740616-1w39gp2_jpg.rf.cc8dbf1c25eaea74259fdf0b6c83b1de.jpg,1,0,0
healthy-4-_jpg.rf.cb1e467409ce827848b8d2b7bc462a53.jpg,0,0,1
tabac267_jpg.rf.cbaa0a6d7878fb000d6f0162d2331703.jpg,1,0,0
tabac245_jpg.rf.cda5079c025e1fc2afa546a80b7f4438.jpg,0,1,0
healthy-15-_jpg.rf.ccf38f55ba4ae42f7a492e7e891237d1.jpg,0,0,1
1280px-Alternariaalternata_jpg.rf.cd624baac651f2cbfbe31e92ae1f94bc.jpg,1,0,0
healthy-5-_jpg.rf.cd655984237d2c3a57d98046cd12670c.jpg,0,0,1
Zachariah-Hansen2_jpg.rf.cddf62fcf18d35cc44537c6acb1e4dc4.jpg,0,1,0
1440024_jpg.rf.cdf1f434af7b422bfc04e68b99199615.jpg,1,0,0
image_processing20220902-1323614-fzpxm_jpg.rf.cd593a64cae4ed747344fa7ffe8eed99.jpg,0,1,0
tabac267_jpg.rf.ce57765c25298a276a7406f85ad2af47.jpg,1,0,0
healthy-25-_jpg.rf.cec9b0fd20a7ba34bef759c1156f3dff.jpg,0,0,1
tabac261_jpg.rf.ce14a2adc82c3884db3a023178136036.jpg,1,0,0
image_processing20220902-2740614-1xsizc_jpg.rf.cefa1f51b128e6bd454395293fa688b2.jpg,0,1,0
healthy-27-_jpg.rf.cabf7946f35e5c761f1e7208818f3dc8.jpg,0,0,1
healthy-19-_jpg.rf.cf82597ce7efc463f2bdbd3ee6ff0e84.jpg,0,0,1
healthy-15-_jpg.rf.cf478a03011c87378dc7e5fc7458ba02.jpg,0,0,1
Zachariah-Hansen2_jpg.rf.ce588a57aab859ae1bbf04d2302cd02e.jpg,0,1,0
Early_FLS_jpg.rf.cf876f22082a60041d4867686a252455.jpg,0,1,0
healthy-29-_jpg.rf.d0c0827c80da39ba9f1e24c0ad065b03.jpg,0,0,1
Early_FLS_jpg.rf.d021daf15ff61b18d693e9ee06db42f7.jpg,0,1,0
healthy-4-_jpg.rf.cf8b10ed7cca7da1f5e969f11b68817f.jpg,0,0,1
cercni_jpg.rf.d0d1a80e14d221b4ee55d833fa80a723.jpg,0,1,0
Alternaria-Zimbabwe1_jpg.rf.d14fcf5a692cd09112af30bddd25f41c.jpg,1,0,0
healthy-6-_jpg.rf.d19e6089d990713ba599e1ee7405e765.jpg,0,0,1
1-cercosporiose-2_jpg.rf.d1ab665b227e856c1174fca662f7498b.jpg,0,1,0
1280px-Alternariaalternata_jpg.rf.d1b88438a2599d8bc5a71ad4288bb570.jpg,1,0,0
cercni2_jpg.rf.d24295bc71ec88110865bee782ba394e.jpg,0,1,0
4211_jpg.rf.d24de480d0fa714dd8cdbb323845fdd4.jpg,0,1,0
1440025lgpt_jpg.rf.d2b64371069d454a658cd28a88b982da.jpg,1,0,0
cercni_jpg.rf.d27117de88637fe9988179ecd1dd1aab.jpg,0,1,0
healthy-36-_jpg.rf.d2c7374ef4b6cc7d9e655a1ae3df6f15.jpg,0,0,1
1497002_jpg.rf.d1b9f391fef62610017b85bb51e77cb4.jpg,1,0,0
image_processing20220902-1323621-8ev7f7_jpg.rf.d2fc1bb49f53f4d09240b2757bf1a229.jpg,0,1,0
1440025lgpt_jpg.rf.d2da8da4e7d537efa04cc0c2b4381768.jpg,1,0,0
image_processing20220902-2740616-1w39gp2_jpg.rf.d30697eefd80e2ebdfc5e744174db6de.jpg,1,0,0
healthy-35-_jpg.rf.d37c6f78050c26bdcb84a6869884aeb2.jpg,0,0,1
Alternaria-tabac1_jpg.rf.d3216fb02c59137b301291c327bef492.jpg,1,0,0
image_processing20220902-2740614-1xsizc_jpg.rf.d461c8211c60586d1a4eabb0fcb4e078.jpg,0,1,0
1436046_jpg.rf.d3d880a7e3c9cb72f2c339a125c6eb32.jpg,1,0,0
image_processing20220902-1323621-8ev7f7_jpg.rf.d390aa345a548f710a38343c7690a4a6.jpg,0,1,0
healthy-35-_jpg.rf.d3db32d9a7b7d8bcaa675d507b77b5c9.jpg,0,0,1
Brown_Spot_3_Large_9jOnKmI_jpg.rf.d460474da1aae97e05da4c114f32541c.jpg,0,1,0
180614tc_jpg.rf.d4a21d05773b4d19ff74f9092c0a5af9.jpg,0,1,0
healthy-35-_jpg.rf.d4e8ed2303b5d73a6b8b83f71227023d.jpg,0,0,1
healthy-4-_jpg.rf.d4dcc3aac704686fad284908c6689a78.jpg,0,0,1
1524158_jpg.rf.d4c4587df9785946d1b1847a4dd0d3be.jpg,1,0,0
tabac245_jpg.rf.d59eabef3166b9ed86c66c0c323656e0.jpg,0,1,0
1497002_jpg.rf.d4b8c59dee817bccfd62d0308b0b2ed9.jpg,1,0,0
healthy-5-_jpg.rf.d6b4240ca7740045f9853161d1a81ca9.jpg,0,0,1
healthy-20-_jpg.rf.d5316ef2f4ef14a97e040e2fe458292c.jpg,0,0,1
cercni_jpg.rf.d7031a707c744ddcf0eb14ba4bcf0735.jpg,0,1,0
1280px-Alternariaalternata_jpg.rf.d766c1111bfe162a22a9966478943b33.jpg,1,0,0
1280px-Alternariaalternata_jpg.rf.d67d888edb2ff33374c6b750ea49f7d8.jpg,1,0,0
Alternaria-Zimbabwe1_jpg.rf.d711f821a95e27cef753b8b70eb3e5e0.jpg,1,0,0
image_processing20220902-2740616-1w39gp2_jpg.rf.d7b44af62a0e483590f3949fe4285ef7.jpg,1,0,0
cercni2_jpg.rf.d7f9b237f8562129b07492b0c1bd8dfd.jpg,0,1,0
tabac264-265-266_jpg.rf.d7c76ca7c9e9a09582d1a9cc313b31f2.jpg,1,0,0
healthy-15-_jpg.rf.d8273f3bb4cce45c0f5da8e9ca764f70.jpg,0,0,1
cercni_jpg.rf.d84a46721f377d8e57269484a1f33989.jpg,0,1,0
cercni_jpg.rf.d7ff9ebbbb60d40e588524e90fd77df7.jpg,0,1,0
Zachariah-Hansen2_jpg.rf.d858da241781872a4fee4ff91b72d5ea.jpg,0,1,0
4211_jpg.rf.d84dd7d3aefde0f5b13cc60b026c37e3.jpg,0,1,0
tabac245_jpg.rf.d888fa1aee0c222bdc54d5da58ffffe4.jpg,0,1,0
tabac264-265-266_jpg.rf.d8dec664993162e37542fdfaccd3a64a.jpg,1,0,0
image_processing20220902-1323621-8ev7f7_jpg.rf.d8f042c557795ab567e849cc3f2c45d5.jpg,0,1,0
tabac264-265-266_jpg.rf.d98237832ed35f4ed8acb20446aaeba7.jpg,1,0,0
healthy-19-_jpg.rf.d87a3a03e88d70c6d2d61b6a8c4e46db.jpg,0,0,1
healthy-30-_jpg.rf.d915fead0ef4cad6c87c17747e86ce15.jpg,0,0,1
Zachariah-Hansen2_jpg.rf.d8f4e038365aeadc9f7bc45494fca219.jpg,0,1,0
cercni_jpg.rf.d972975b28fa91472632a22ea6b5b124.jpg,0,1,0
1280px-Alternariaalternata_jpg.rf.d93b164695022a4953e0c875631c1c44.jpg,1,0,0
4211_jpg.rf.da5f187ef906a4005f771da7f3e69e3a.jpg,0,1,0
healthy-25-_jpg.rf.da5b335dc0f09524fc35c28938b8a423.jpg,0,0,1
Brown_Spot_3_Large_9jOnKmI_jpg.rf.da327e5c65eee26e7caa254a9c0d103c.jpg,0,1,0
image_processing20220902-1323621-8ev7f7_jpg.rf.daa33e970ff47fb9daa3332da90bd3ae.jpg,0,1,0
Brown_Spot_3_Large_9jOnKmI_jpg.rf.daa30c5973ba0c348062b3e3c14253d9.jpg,0,1,0
tabac245_jpg.rf.db14e25956f59edcb2d3ec24722ffae3.jpg,0,1,0
tabac237_jpg.rf.db025ffba068f15507e8c6012c622edb.jpg,0,1,0
tabac261_jpg.rf.db010cafb61d796d6d10f022ce9188d9.jpg,1,0,0
1440024_jpg.rf.db8f9b2c775d5c83d252733c619d4b6b.jpg,1,0,0
tabac237_jpg.rf.dbc5925d2c54ba6976c9f2c51260fe3d.jpg,0,1,0
1440024_jpg.rf.db7c3f0707d3eec2fc9229cb09eadb89.jpg,1,0,0
image_processing20220902-2740616-xssvza_jpg.rf.dbfe852aa611324319c9702c36c3d072.jpg,1,0,0
image_processing20220902-1323621-8ev7f7_jpg.rf.dc26c5cd893feb5a86396070aa368505.jpg,0,1,0
1524158_jpg.rf.dc4563d717170e96d7cb5d0aab54c0c3.jpg,1,0,0
image_processing20220902-1323614-fzpxm_jpg.rf.dc9346c0e1b7c2913e89c6656a867168.jpg,0,1,0
healthy-19-_jpg.rf.00056a03472bf6ae04d8dce48cf2026f.jpg,0,0,1
healthy-17-_jpg.rf.0233c58edbeb917f735ef3f569142207.jpg,0,0,1
healthy-4-_jpg.rf.0137f16df16bbdc5e6b639e94e8f84f1.jpg,0,0,1
Target_Spot_Leaf_zciIWN3_jpg.rf.024f4ab0ef294467b8e4a8433357e04d.jpg,0,1,0
Early_FLS_jpg.rf.026101c91275e89e4cf01cf47ecb7040.jpg,0,1,0
cercni_jpg.rf.02adb692027100a2beb1e5f8e47b7df7.jpg,0,1,0
Zachariah-Hansen2_jpg.rf.0256bcf31d8607c00d2336603a85f34f.jpg,0,1,0
healthy-16-_jpg.rf.02d1953aff9b64caae2b07667fc5f190.jpg,0,0,1
healthy-15-_jpg.rf.026e8482fdb11506fce7eb7b4486a27d.jpg,0,0,1
1440024_jpg.rf.02aeae027fb305083c58ae9a568ffe71.jpg,1,0,0
healthy-6-_jpg.rf.0199e7b9736d39ab4a5a5722d0f88c47.jpg,0,0,1
tabac237_jpg.rf.0339aa3eed1d3cfb2ae67f3ae2262705.jpg,0,1,0
tabac264-265-266_jpg.rf.02f3667351c7e9dfb6d6734a45c9110a.jpg,1,0,0
Zachariah-Hansen2_jpg.rf.0340e088f3573e8dfe197468fbd03364.jpg,0,1,0
cercni_jpg.rf.033f4de239fc027a2355bcf8e31dcda5.jpg,0,1,0
tabac261_jpg.rf.0349406ba1c9bb09ac36567527963bc2.jpg,1,0,0
1436046_jpg.rf.0366de0c713c2184eb38bc222e559be5.jpg,1,0,0
1280px-Alternariaalternata_jpg.rf.046ebcae7de9fbc8ae2ccf37bef0191b.jpg,1,0,0
healthy-32-_jpeg_jpg.rf.03b117dfb103e793ff1c69a3ea35d590.jpg,0,0,1
Target_Spot_Leaf_zciIWN3_jpg.rf.04e4554f5a5b91488f025718fc8e7723.jpg,0,1,0
healthy-17-_jpg.rf.04faee074af6b2a32435dcc574132fea.jpg,0,0,1
image_processing20220902-2740616-1w39gp2_jpg.rf.03df23cfec8a6ec63ad8eecb22ea6861.jpg,1,0,0
tabac245_jpg.rf.0540bdc35bd3b59aff0d8b370bce6cb1.jpg,0,1,0
Alternaria-Zimbabwe1_jpg.rf.054cf4fc3c25230946155dab856502a9.jpg,1,0,0
image_processing20220902-2740614-1xsizc_jpg.rf.05a2c8fac87fe682952a9ae57e1ec608.jpg,0,1,0
cercni_jpg.rf.056970587b70e0ddb78f91ed865d5851.jpg,0,1,0
4211_jpg.rf.05413887c7435461cae6d49d97270115.jpg,0,1,0
tabac264-265-266_jpg.rf.05ded57a73d3f313c0b3c7d695b39dbb.jpg,1,0,0
healthy-20-_jpg.rf.05e67cad6f1fae8a09e6ef255f877cdf.jpg,0,0,1
healthy-17-_jpg.rf.0609a0d02999d1420688015c7f4cd569.jpg,0,0,1
1436046_jpg.rf.06142418f8a0e165b30731d61c313aae.jpg,1,0,0
Early_FLS_jpg.rf.04caa39863325f838816230c21fc5a11.jpg,0,1,0
180614tc_jpg.rf.03c97897946f6e0e419828f1f4c77f3a.jpg,0,1,0
tabac245_jpg.rf.06a66e9ece896687c4f507eb1a19c5cd.jpg,0,1,0
180614tc_jpg.rf.066ec5f31a0ec3a3ed8938d1b8e529cf.jpg,0,1,0
Brown_Spot_3_Large_9jOnKmI_jpg.rf.06914df93fa9209a3ce88c223b985db3.jpg,0,1,0
1440025lgpt_jpg.rf.066b925f79596a2c03bbdba78f653e8f.jpg,1,0,0
Early_FLS_jpg.rf.06daed936f085d71f230cf013b7de7db.jpg,0,1,0
tabac245_jpg.rf.076b6e204c6038f245668d6aa12a2e41.jpg,0,1,0
1440024_jpg.rf.07ef26de0158b38305732d1fb6e846fc.jpg,1,0,0
Early_FLS_jpg.rf.073ceed410eeadb706916f1363b82aa6.jpg,0,1,0
healthy-5-_jpg.rf.083990fd821d3c81f76fb029eb17a2b5.jpg,0,0,1
image_processing20220902-2740616-1w39gp2_jpg.rf.0806e094076558e2706198147b3d6b43.jpg,1,0,0
image_processing20220902-2740614-1xsizc_jpg.rf.08176ed0bdd8b4aa148476c9ab9107cf.jpg,0,1,0
cercni2_jpg.rf.08232a771c4872babac9e9a63421672c.jpg,0,1,0
image_processing20220902-1323614-fzpxm_jpg.rf.08a8b9849e531db8cf445df7f84f8b5c.jpg,0,1,0
1436046_jpg.rf.0856b4c9bc57508221d681bd6c20e0b1.jpg,1,0,0
healthy-19-_jpg.rf.08d259f5fe4b471cccc231dc5a368183.jpg,0,0,1
180614tc_jpg.rf.086ab920e4c7b6e4988b1e145868cb2e.jpg,0,1,0
tabac264-265-266_jpg.rf.0948e363ca619b61966dbb9b023e053b.jpg,1,0,0
image_processing20220902-1323614-fzpxm_jpg.rf.0935f304a7d9ae5271bbd279b570082d.jpg,0,1,0
Alternaria-tabac3_jpg.rf.09fcbf5bb1f1f6876f55e91fe4c0cc03.jpg,1,0,0
4211_jpg.rf.0a7d2258ddcd7594c27452629cf31320.jpg,0,1,0
healthy-20-_jpg.rf.0b192da41ac14cbc4449c098a1b02d29.jpg,0,0,1
Zachariah-Hansen2_jpg.rf.0a3cb1ab1433b822db1ee4c22a2b23ea.jpg,0,1,0
Alternaria-tabac1_jpg.rf.094c2576d5c6af1a6d0dcda94ccfc57c.jpg,1,0,0
healthy-17-_jpg.rf.0b4be654b3eb5c327775a586c4889e4d.jpg,0,0,1
healthy-19-_jpg.rf.0ad52f95f1e0b2ec113033cfbd4e13a9.jpg,0,0,1
image_processing20220902-1323621-8ev7f7_jpg.rf.0b56b2684095195cf93abf0432af7a28.jpg,0,1,0
image_processing20220902-1323614-fzpxm_jpg.rf.0b3d0c01f5660c484278c4ebc0a4e84f.jpg,0,1,0
healthy-17-_jpg.rf.0baa8870d480914203f96f55bf12c89e.jpg,0,0,1
1440024_jpg.rf.0c030bad2345d3086706730682e91cb2.jpg,1,0,0
healthy-30-_jpg.rf.0c1da22e6008f07137fe748fdb639f9c.jpg,0,0,1
Alternaria-Zimbabwe1_jpg.rf.0c33f600750aae774e1152d66d1c9ddc.jpg,1,0,0
1-cercosporiose-2_jpg.rf.0c5b59fd31e4103b61df7c4b115d2f5a.jpg,0,1,0
Zachariah-Hansen2_jpg.rf.0c6a1a473df48b001a1e6d096feeec07.jpg,0,1,0
Zachariah-Hansen2_jpg.rf.0c8121c9c0d0994bfc7c979ad45e5466.jpg,0,1,0
healthy-32-_jpeg_jpg.rf.0c2c514dba872bd8ac3330e0600abf98.jpg,0,0,1
healthy-19-_jpg.rf.0cf32baa31a754d6efc6f37be39a7248.jpg,0,0,1
healthy-29-_jpg.rf.0c8269ea866180f3ffe9e8b118263ffa.jpg,0,0,1
1436046_jpg.rf.0d116d8a6be64fa6f552bb6a525386d7.jpg,1,0,0
healthy-17-_jpg.rf.0d7001214a7943969b38a1aad53616be.jpg,0,0,1
1436046_jpg.rf.0d1c7cff556debf7d3852873da5b9aa2.jpg,1,0,0
1280px-Alternariaalternata_jpg.rf.0d7e5661c23d6277649581eaa6a0a63a.jpg,1,0,0
Zachariah-Hansen2_jpg.rf.0d76f703e5eec6b0c1ae5152af4043d0.jpg,0,1,0
healthy-34-_jpg.rf.0e00c7e8542017fa2892d3a495935ffc.jpg,0,0,1
Brown_Spot_3_Large_9jOnKmI_jpg.rf.0d86951b3ccfb895c887e886cad22b07.jpg,0,1,0
image_processing20220902-2740616-xssvza_jpg.rf.0e0e03ec6a98bf1d4eb5e566eb1d7b67.jpg,1,0,0
cercni_jpg.rf.0e0d15ad216a8bde8b22c45977c64eab.jpg,0,1,0
healthy-15-_jpg.rf.0eb64ad594a214ce69ef481354e09bb0.jpg,0,0,1
1280px-Alternariaalternata_jpg.rf.109ae24b90c34b503e5414fd5c78afae.jpg,1,0,0
1280px-Alternariaalternata_jpg.rf.0f130e4e06906b7dab12ec6ededb9a94.jpg,1,0,0
cercni2_jpg.rf.0e592ed2aee5f469b6d77b74474a88ea.jpg,0,1,0
Alternaria-Zimbabwe1_jpg.rf.1213f79353f7c69a366e609e17f7847c.jpg,1,0,0
healthy-19-_jpg.rf.11ac0494bf722e2f1a1f10233b1ca8ff.jpg,0,0,1
healthy-15-_jpg.rf.112ef00b40985a6cc078c2f7f6ebb827.jpg,0,0,1
image_processing20220902-2740616-1w39gp2_jpg.rf.11e19524faba6ec7be84cd20ef8ce531.jpg,1,0,0
1280px-Alternariaalternata_jpg.rf.0f6c63f71b8e5db814af7d138d12025f.jpg,1,0,0
1440024_jpg.rf.126220b8db9666e02f16fd723d3e8c45.jpg,1,0,0
Target_Spot_Leaf_zciIWN3_jpg.rf.12bb0f4e50371cc93682dc907192e9e9.jpg,0,1,0
healthy-6-_jpg.rf.127c0a6c241c2c2e79a2e1a15c28d8a6.jpg,0,0,1
cercni2_jpg.rf.12974157977e8992edbfce2433a17c00.jpg,0,1,0
tabac237_jpg.rf.0f49e9765294e7fb7ea39fcc715c3ab1.jpg,0,1,0
healthy-16-_jpg.rf.1311f3377d267adb0e0c5c8f2c5a5b34.jpg,0,0,1
tabac264-265-266_jpg.rf.1379ca90432c567f0f2cc7b862e7abbd.jpg,1,0,0
image_processing20220902-1323621-8ev7f7_jpg.rf.12f406cd477c422f6eefcb24c097d17b.jpg,0,1,0
Alternaria-tabac1_jpg.rf.131a72f3da37c31444ac5e78978dd1c7.jpg,1,0,0
healthy-17-_jpg.rf.13d47f556138600bfc6b1684cf5fa805.jpg,0,0,1
image_processing20220902-2740616-1w39gp2_jpg.rf.15764c47a92f65d6c69f3e816119b6f2.jpg,1,0,0
Zachariah-Hansen2_jpg.rf.14c0711645813035125690e49e3a6493.jpg,0,1,0
tabac237_jpg.rf.1412635c0934a06c8b6dc56d2086d1a1.jpg,0,1,0
Alternaria-Zimbabwe1_jpg.rf.164418cc5796718a1e4dec058d08ec21.jpg,1,0,0
healthy-15-_jpg.rf.160072c9bd84621459d7dc20b2fabc36.jpg,0,0,1
tabac245_jpg.rf.1589aca65c623bf18a69939ccbabbbbf.jpg,0,1,0
healthy-29-_jpg.rf.16b3e68683e73fec25bca6d2fe6aca54.jpg,0,0,1
4211_jpg.rf.166abc6c81a229555cb5a966de7eb526.jpg,0,1,0
healthy-32-_jpeg_jpg.rf.16cc3578149da4eaa1aa2e747e2ac9f7.jpg,0,0,1
image_processing20220902-2740614-1xsizc_jpg.rf.16cff52bcbf8d8ab1b99ded9e3ffaf76.jpg,0,1,0
Alternaria-Zimbabwe1_jpg.rf.16ef456acd691ab1a4587b8692796555.jpg,1,0,0
healthy-29-_jpg.rf.17d02685a8fe57f45b905ff9f5c125db.jpg,0,0,1
tabac245_jpg.rf.18c7b18e3b0a462e9b399e5dadc43f21.jpg,0,1,0
tabac264-265-266_jpg.rf.17b2c7e571737858ab74bedee0a3a46a.jpg,1,0,0
healthy-30-_jpg.rf.1a05bcc74b660b01e0921b11acfa16f8.jpg,0,0,1
healthy-15-_jpg.rf.1729692544c96863a17e1a34190d1115.jpg,0,0,1
Alternaria-tabac1_jpg.rf.1a01b0ba729f2cb7a41d2a23c8769a0c.jpg,1,0,0
healthy-15-_jpg.rf.1926d29c9c3e5bd96cd19bee66e1e25f.jpg,0,0,1
tabac245_jpg.rf.1a200ca20324297cedb244beb3977f44.jpg,0,1,0
healthy-34-_jpg.rf.1aaab35ddc3bd9f01e9656b2ee7d217c.jpg,0,0,1
Brown_Spot_3_Large_9jOnKmI_jpg.rf.1a1dcedb1a0da9c1d534f195733ef042.jpg,0,1,0
image_processing20220902-2740616-1w39gp2_jpg.rf.1b37a6e9cff18cd3965da73f5a9d7126.jpg,1,0,0
tabac264-265-266_jpg.rf.1aa856a50c8524b018f5656c43fb17f4.jpg,1,0,0
Zachariah-Hansen2_jpg.rf.1b45f929355c16c8c105fabd8dbd1c5a.jpg,0,1,0
healthy-34-_jpg.rf.1b5412829410e86680e4d24a58b553d5.jpg,0,0,1
Alternaria-Zimbabwe1_jpg.rf.1c34f8e499bc555d2cfa325993c7102c.jpg,1,0,0
Target_Spot_Leaf_zciIWN3_jpg.rf.1bc730ce317a252d0b4b209823357b44.jpg,0,1,0
Early_FLS_jpg.rf.1c2ffacef3e6ee1533fc7cde303e389c.jpg,0,1,0
tabac264-265-266_jpg.rf.1c85fe56767e2fe8d743a874f302e147.jpg,1,0,0
healthy-15-_jpg.rf.1c7f5cd2f89922f73a89c6ddbb6a7544.jpg,0,0,1
Alternaria-tabac3_jpg.rf.15c52791bf7480212519682b046fdbf8.jpg,1,0,0
healthy-32-_jpeg_jpg.rf.1c5b92a96d677ae46f781f3fcb709860.jpg,0,0,1
1440025lgpt_jpg.rf.1d409ce44903444a57075fecd059f84b.jpg,1,0,0
image_processing20220902-2740616-1w39gp2_jpg.rf.1dc49418ce6ac1117dedd4d470945384.jpg,1,0,0
image_processing20220902-2740614-1xsizc_jpg.rf.1daf5ee1e42a05827d38ea1d4444916d.jpg,0,1,0
1-cercosporiose-2_jpg.rf.1e3b20708ded9a79fd5596e443103972.jpg,0,1,0
healthy-4-_jpg.rf.1dc28f7a9fad1697ee224f5c6d58d1e4.jpg,0,0,1
180614tc_jpg.rf.1e331438c2ea3bd9c503faa9f307833d.jpg,0,1,0
tabac264-265-266_jpg.rf.1e4073e361621a8e2546d47df0bcd013.jpg,1,0,0
1436046_jpg.rf.1e353d7ef98af98ed72427377de695fa.jpg,1,0,0
image_processing20220902-1323621-8ev7f7_jpg.rf.1e98d9ea9b33e449b726745ef0beae88.jpg,0,1,0
healthy-16-_jpg.rf.1ed7df1e0ce204447034c56e25c5e159.jpg,0,0,1
1436046_jpg.rf.1f2ae80a16b4caf921a0d7f7e36a879a.jpg,1,0,0
healthy-27-_jpg.rf.1ecf9ce5b7373fe9edff7278b9abe7e7.jpg,0,0,1
tabac245_jpg.rf.1f3957c11988674495951b51d0232a74.jpg,0,1,0
tabac264-265-266_jpg.rf.1f46f2790eccb0f48be904c10ac4e8b5.jpg,1,0,0
healthy-16-_jpg.rf.1ff052022c2a906af820a4a3702f2854.jpg,0,0,1
tabac237_jpg.rf.200a646377336d40e78541b62eaa2cf3.jpg,0,1,0
1497002_jpg.rf.205ca144badbc00027c245ac54bbd582.jpg,1,0,0
1524158_jpg.rf.20ddf48e8ca8632d93472bf699063970.jpg,1,0,0
1440025lgpt_jpg.rf.2149b18c80097e47ed73e2441784ca26.jpg,1,0,0
Alternaria-Zimbabwe1_jpg.rf.20f955f9764c69a458b5182d80d827fa.jpg,1,0,0
cercni_jpg.rf.21a726d4ec822fcdf81753bc43a5e9a0.jpg,0,1,0
healthy-17-_jpg.rf.21fe7e7e101fbac9e2af7cdef39f7ced.jpg,0,0,1
healthy-16-_jpg.rf.21bb1b37085f736b945dc03e556ad43f.jpg,0,0,1
1-cercosporiose-2_jpg.rf.2220a2e1eb3e27c06b33a277167084ee.jpg,0,1,0
image_processing20220902-2740616-xssvza_jpg.rf.22d93bdb70f808b46d21c1be5cd44575.jpg,1,0,0
Early_FLS_jpg.rf.229ddd9053729b9407a905fa0cd5318c.jpg,0,1,0
image_processing20220902-1323614-fzpxm_jpg.rf.22e8bb2d36eb45548a4a5bb3328b828d.jpg,0,1,0
healthy-15-_jpg.rf.22f6e2789b0817d24c80b20604abf031.jpg,0,0,1
image_processing20220902-2740616-1w39gp2_jpg.rf.dd0c094c02c787e1447119a4e15b9b19.jpg,1,0,0
4211_jpg.rf.df2fe6446d3651d992e89b632f4a6505.jpg,0,1,0
Alternaria-tabac3_jpg.rf.e2115dc9840975e8aa92d657c092c952.jpg,1,0,0
1280px-Alternariaalternata_jpg.rf.e1b1779ed985940cc426f34fc3c02f1b.jpg,1,0,0
1440024_jpg.rf.dfd723a2a8dd75e49de26933057c89bb.jpg,1,0,0
healthy-17-_jpg.rf.e10620449d386ca1ec4adbfd0e3850a0.jpg,0,0,1
healthy-30-_jpg.rf.dd16ce460636ed97381968a5e7daf0d7.jpg,0,0,1
180614tc_jpg.rf.e2144969689dcae1a4b1c5ebc4c0a362.jpg,0,1,0
1436046_jpg.rf.e03f92ca895a38ab493e11712c9802e4.jpg,1,0,0
cercni_jpg.rf.e0e98815257064c02c8a597c508931dc.jpg,0,1,0
cercni_jpg.rf.ddcec2bd4636dd4f6a69a435c3217624.jpg,0,1,0
healthy-32-_jpeg_jpg.rf.df9fa0dda23e9c6a2ff9ad01c480e7b9.jpg,0,0,1
Alternaria-tabac3_jpg.rf.ddee49760e7ffe20c766a77b8158606d.jpg,1,0,0
cercni_jpg.rf.dff044e9c47555895bd0b15820f3db2a.jpg,0,1,0
tabac237_jpg.rf.de7c3fdd8bb90208a6df6a019043398a.jpg,0,1,0
cercni_jpg.rf.de6d6b72bb84c52bf818a6264c9f257e.jpg,0,1,0
tabac267_jpg.rf.def372f650c27634aeef5dcabd588673.jpg,1,0,0
healthy-6-_jpg.rf.dfd9b2079fe8eb957c52bf1b4721762c.jpg,0,0,1
Alternaria-tabac1_jpg.rf.dcbc85e8ae14765f27d3a80dc15071d8.jpg,1,0,0
Early_FLS_jpg.rf.dd44f5abbbe3dcd34f5717a127fb4354.jpg,0,1,0
180614tc_jpg.rf.dd561cf29fbf9c2a51cf92aa0bf85508.jpg,0,1,0
tabac264-265-266_jpg.rf.e20cb58661b37863f5618050d7abb4a6.jpg,1,0,0
180614tb_jpg.rf.deccf3946bb74266c9638c72ee2d11bc.jpg,0,1,0
cercni_jpg.rf.dd8acc167b1e92ed8f8ab66b9d3ad2f6.jpg,0,1,0
cercni2_jpg.rf.e2585fd9f0948da59d4c56d20abeb838.jpg,0,1,0
healthy-17-_jpg.rf.e314529da83f3691adeff4b6152f326c.jpg,0,0,1
cercni_jpg.rf.e22c2150fc23e7b6932dceb379df641c.jpg,0,1,0
1497002_jpg.rf.e26ad39a82f805e224f9a65a58d6a46a.jpg,1,0,0
image_processing20220902-1323621-8ev7f7_jpg.rf.e37624300392867008cd606e05f784b7.jpg,0,1,0
healthy-6-_jpg.rf.e430367d7284ad64a974695c706f9db1.jpg,0,0,1
tabac245_jpg.rf.e42b6e24dff7a60479507953444478ae.jpg,0,1,0
cercni_jpg.rf.e4adfdd4fe42d5af7c08b52753ac1e45.jpg,0,1,0
tabac267_jpg.rf.e4b6844150c8c5d842b39b7fda550943.jpg,1,0,0
tabac264-265-266_jpg.rf.e45cf3da389d1723450e7f95e2f87ef0.jpg,1,0,0
Alternaria-tabac1_jpg.rf.e3c662dea60d10352665261d0db6b351.jpg,1,0,0
cercni_jpg.rf.e5b00692048ed6c64d271fd5beb23d15.jpg,0,1,0
healthy-6-_jpg.rf.e59379b077ca542f4cd3fa125deec20a.jpg,0,0,1
Brown_Spot_3_Large_9jOnKmI_jpg.rf.e678b331b5c66bfb862cfa281f5f8c8c.jpg,0,1,0
healthy-19-_jpg.rf.e5c31bcf9f36f96c204cb3494c575f66.jpg,0,0,1
1524158_jpg.rf.e6f7d04466a0e79bdaa0316ab0d94952.jpg,1,0,0
healthy-4-_jpg.rf.e5bef99da0979c186854e30529cfddaf.jpg,0,0,1
healthy-4-_jpg.rf.e5f79a0a203cda614390c3120b9247dc.jpg,0,0,1
Zachariah-Hansen2_jpg.rf.e817c4a345353ef8078985db49d5fa99.jpg,0,1,0
healthy-36-_jpg.rf.e731b732d4653e11bae8ebef266506f0.jpg,0,0,1
Zachariah-Hansen2_jpg.rf.e8e0ca81b80d133fe86b065488c493d1.jpg,0,1,0
1497002_jpg.rf.ead032709dd9031ad7de9325cd26ae63.jpg,1,0,0
1440024_jpg.rf.ea694fc288159e99e4348a92e3139b83.jpg,1,0,0
image_processing20220902-2740614-1xsizc_jpg.rf.e94e93468ec7e7bf884ebd1f2f1b715d.jpg,0,1,0
180614tb_jpg.rf.e7f0c73dc4b3a19db657b33a70803e10.jpg,0,1,0
1440025lgpt_jpg.rf.eb05afec56ce051499b9313b20805d81.jpg,1,0,0
healthy-35-_jpg.rf.eb5de325309668261119079f7fca726f.jpg,0,0,1
1280px-Alternariaalternata_jpg.rf.eb95351c5596c894e32effb3d824dc36.jpg,1,0,0
healthy-32-_jpeg_jpg.rf.ec96684bbdabe6911f158481dab1db45.jpg,0,0,1
1440025lgpt_jpg.rf.ed227d003ffdbe2889e44fe9b851e81f.jpg,1,0,0
Alternaria-tabac1_jpg.rf.ecb968651c4ede584e7f2dc58de7fedb.jpg,1,0,0
Alternaria-tabac1_jpg.rf.ebb5e6a0e8e84f6aea3fce4801313f11.jpg,1,0,0
tabac245_jpg.rf.eded99bf906bbffa4d65508fca801119.jpg,0,1,0
Alternaria-tabac1_jpg.rf.eadb02718a92912714df2fb1c39bb62a.jpg,1,0,0
healthy-5-_jpg.rf.ed317c5bd0847ec38cc23b173925e527.jpg,0,0,1
tabac261_jpg.rf.ee62ce97f69176f56c101f4eb4da3b51.jpg,1,0,0
4211_jpg.rf.ee9a07c9658ceae3b26e45885c808799.jpg,0,1,0
1524158_jpg.rf.ef0752d379d9796447d50a23c197b429.jpg,1,0,0
healthy-32-_jpeg_jpg.rf.ebaaafdae746c702cf109c342f4a292e.jpg,0,0,1
Brown_Spot_3_Large_9jOnKmI_jpg.rf.ef25ddabf82f193a752bf4268e7fc0bd.jpg,0,1,0
4211_jpg.rf.eeceb1844a1fd3727f27fb7673f54732.jpg,0,1,0
tabac264-265-266_jpg.rf.edebd0a6d4732eb91cf8e2245fe21d03.jpg,1,0,0
cercni2_jpg.rf.ef82223ff602ba71071bd16081590733.jpg,0,1,0
1440024_jpg.rf.ef75a2e868678815aa9f440fdf322b43.jpg,1,0,0
image_processing20220902-1323621-8ev7f7_jpg.rf.ef18a8252a560aea0f82d3660379442e.jpg,0,1,0
tabac264-265-266_jpg.rf.ef886ffd4f5310150c6b2cf7eb88c701.jpg,1,0,0
cercni2_jpg.rf.efb95c8eb8b551486fc892b076daa27a.jpg,0,1,0
tabac264-265-266_jpg.rf.efb4a957d8e0eb47ac900f5827234803.jpg,1,0,0
4211_jpg.rf.efead8798b67843b03366d7e4f69afe1.jpg,0,1,0
Zachariah-Hansen2_jpg.rf.efb7525ed1077c699fa6968619c69544.jpg,0,1,0
Zachariah-Hansen2_jpg.rf.f085f421d11ad6a60495e6ff7cf9bc7e.jpg,0,1,0
Brown_Spot_3_Large_9jOnKmI_jpg.rf.efd36a04b66966f33a1205d1559b13a4.jpg,0,1,0
Alternaria-Zimbabwe1_jpg.rf.f017f12c68395b8c9315b051853c2de0.jpg,1,0,0
image_processing20220902-1323621-8ev7f7_jpg.rf.f0f75a8f32e7cdf161ef0465a11c4ad6.jpg,0,1,0
tabac245_jpg.rf.f0c17ee10b04a96d0462bcc0c0545f9b.jpg,0,1,0
Early_FLS_jpg.rf.f181f1b6e69f8e0c68fef576175ef1c2.jpg,0,1,0
tabac245_jpg.rf.f1345708cc82e66c3b94d29b6c6691aa.jpg,0,1,0
Target_Spot_Leaf_zciIWN3_jpg.rf.f1840cee72596ac286a306060808e918.jpg,0,1,0
Early_FLS_jpg.rf.f21161351fc161708aaa4f0ff66c10ab.jpg,0,1,0
4211_jpg.rf.f1960a10cac6dd8bbd3a15d3c017a6d5.jpg,0,1,0
tabac267_jpg.rf.f331129b0a5d0972a31eccbd48f2992d.jpg,1,0,0
1440025lgpt_jpg.rf.f2f2e0274e7c7c749bdfb6f00c7316c9.jpg,1,0,0
Alternaria-tabac3_jpg.rf.f38a1fef3618a7d7e9b840960ef6fec1.jpg,1,0,0
healthy-36-_jpg.rf.f2ba1472b33a62d2b391dace4a072b7f.jpg,0,0,1
tabac264-265-266_jpg.rf.f25fb5a1d5a65c6bde0b20f63956001f.jpg,1,0,0
Zachariah-Hansen2_jpg.rf.f4bd112a911405ae7f805283fcae4211.jpg,0,1,0
tabac264-265-266_jpg.rf.f5185acb2cce6db1c1c04d18c54cff1a.jpg,1,0,0
tabac267_jpg.rf.f52581e608b0d32344a1c17b84ac2a8c.jpg,1,0,0
1280px-Alternariaalternata_jpg.rf.f43ead8ae771cd6138b4bfe1d5799e2e.jpg,1,0,0
image_processing20220902-1323621-8ev7f7_jpg.rf.f58aa794353a24cf0ea1b9d8a7e790b5.jpg,0,1,0
1-cercosporiose-2_jpg.rf.f53ed4d281e3131c4b64b5981d47e27c.jpg,0,1,0
tabac264-265-266_jpg.rf.f58a43dd0c85667238b979fa21099968.jpg,1,0,0
1497002_jpg.rf.f5e1c71f3015123770d02777bdae4ee5.jpg,1,0,0
cercni_jpg.rf.f615911192cb13a568c89bb0ddf5cadb.jpg,0,1,0
Brown_Spot_3_Large_9jOnKmI_jpg.rf.f61d9386375560e1ef572b59354eeef7.jpg,0,1,0
tabac245_jpg.rf.f66701995c7804b7247ce5b01f87209d.jpg,0,1,0
healthy-17-_jpg.rf.f68e9948df4188f464b39a818c9f4d5b.jpg,0,0,1
image_processing20220902-1323621-8ev7f7_jpg.rf.f72d9e9e2246dbbfd58940573e62833f.jpg,0,1,0
1280px-Alternariaalternata_jpg.rf.f7d27de0ce60a38a5ad43fb6a75d57cc.jpg,1,0,0
tabac264-265-266_jpg.rf.f744324951a7d414fb6ccd44516aa21f.jpg,1,0,0
healthy-4-_jpg.rf.f688a2dfb48a501e95ac8b5c6478f3d4.jpg,0,0,1
Alternaria-tabac3_jpg.rf.f7621fbeeefcddc3f6037e14bee5ab9f.jpg,1,0,0
image_processing20220902-1323614-fzpxm_jpg.rf.f618da756551bf9e835ef65dcd16b878.jpg,0,1,0
healthy-15-_jpg.rf.f7a9e5ea3cde9f1d648b44cf89e0b446.jpg,0,0,1
1497002_jpg.rf.f7e5ce4ecd26c5f84b6de50a8211b077.jpg,1,0,0
healthy-36-_jpg.rf.f87ebb59ade540a941bf92f66a9d6169.jpg,0,0,1
Early_FLS_jpg.rf.f805a502f14e213f2581b2d19d903267.jpg,0,1,0
healthy-34-_jpg.rf.f8b6e2ca5a5468c59538325ba38a84bf.jpg,0,0,1
1-cercosporiose-2_jpg.rf.f8d5bb8086fd00e623b42bdc36bb3d57.jpg,0,1,0
healthy-25-_jpg.rf.f7eb269c0400f079e0f161bfa1a002b1.jpg,0,0,1
Alternaria-tabac1_jpg.rf.f90cd5ece69c0303064add792df33b7d.jpg,1,0,0
healthy-4-_jpg.rf.fa09bca9a279a746c6392024926e0e76.jpg,0,0,1
1436046_jpg.rf.fa3c0f84048dc75e3769caa2ac079560.jpg,1,0,0
1280px-Alternariaalternata_jpg.rf.fa1ff518031349d0357d43c3c973fd61.jpg,1,0,0
Zachariah-Hansen2_jpg.rf.fa8d12d505ac37f28793af54bccc0643.jpg,0,1,0
healthy-35-_jpg.rf.f9250af3d6d0bd81e8b4510a9c211a08.jpg,0,0,1
image_processing20220902-1323621-8ev7f7_jpg.rf.fa90b8838c3bc6ee871b3c977a92b260.jpg,0,1,0
healthy-19-_jpg.rf.fb6977c32eba6788139693b70edd7aad.jpg,0,0,1
1440025lgpt_jpg.rf.fa9df71e9b0b62d282b48ffb43127dd1.jpg,1,0,0
healthy-15-_jpg.rf.faf8b340901c099884067ac334350f2d.jpg,0,0,1
Zachariah-Hansen2_jpg.rf.fbb97cd0c321484b46c0640d7baba811.jpg,0,1,0
Alternaria-tabac1_jpg.rf.fc19d148452b24ca31798c11381769d1.jpg,1,0,0
healthy-16-_jpg.rf.fbf6022728b99f2463f4b80857571fe7.jpg,0,0,1
1524158_jpg.rf.fc0b2727a7892ba880fa0355abe43a22.jpg,1,0,0
1-cercosporiose-2_jpg.rf.fc27e942dde296c23b82776ba642880b.jpg,0,1,0
healthy-16-_jpg.rf.fce4a5fa6e5d1c6828e0326b97f50a15.jpg,0,0,1
healthy-19-_jpg.rf.fca5c4782051fe6499be04107b24b1c8.jpg,0,0,1
cercni_jpg.rf.fc3473b4026eaca351606f5580af2661.jpg,0,1,0
healthy-30-_jpg.rf.fd004e2a57c242f79a16612ef0eefd96.jpg,0,0,1
tabac237_jpg.rf.fe1aefe9f8bcd3ef3d231198c89453f4.jpg,0,1,0
tabac245_jpg.rf.fd5daa06358c40b00b2ab15ef096cfda.jpg,0,1,0
1436046_jpg.rf.fe2961c6780b5947b4ea3e216418b97b.jpg,1,0,0
healthy-34-_jpg.rf.fe4981feae05ac01c312d76f4a805b68.jpg,0,0,1
cercni_jpg.rf.fe7c39a98efcc054a53fbe5de1574a03.jpg,0,1,0
cercni2_jpg.rf.fdb0e473fb5b58c7d2c9863691ffca4e.jpg,0,1,0
healthy-27-_jpg.rf.fe60f8a1b4e4117ae404959f313423aa.jpg,0,0,1
Target_Spot_Leaf_zciIWN3_jpg.rf.fee84daf3dbc9faba890d72452c4e542.jpg,0,1,0
1436046_jpg.rf.fef90d83d3b5e98826b16b926d21a340.jpg,1,0,0
Alternaria-tabac1_jpg.rf.ffd4d09fc8566e646e0055e3eb1c01bc.jpg,1,0,0
Alternaria-tabac3_jpg.rf.ff224a48fe6a544f3c42bc200aa2da33.jpg,1,0,0
tabac264-265-266_jpg.rf.2304d9d4dfca86243d6cc7035f330344.jpg,1,0,0
Early_FLS_jpg.rf.25234a14e538837fb940691f4763c447.jpg,0,1,0
1-cercosporiose-2_jpg.rf.23b7a13dacf41d87918d883938333275.jpg,0,1,0
healthy-19-_jpg.rf.23705d14c7ec3722e17db7fcd57edbea.jpg,0,0,1
180614tc_jpg.rf.260b747a32f41894b33a74db6767e002.jpg,0,1,0
healthy-4-_jpg.rf.272347258304c598df4fea7f75d8280e.jpg,0,0,1
healthy-20-_jpg.rf.27f25ad906f66f901140c1ae7d692223.jpg,0,0,1
Alternaria-tabac3_jpg.rf.23ae74ea72bd63ec682aea9d3cb8620e.jpg,1,0,0
healthy-16-_jpg.rf.238e5a05f114703cb0114e8b97b2185a.jpg,0,0,1
cercni_jpg.rf.24d1d1c9c2406b62a56d02d5c1197ef3.jpg,0,1,0
healthy-4-_jpg.rf.24b662ee4cbccf683dffd71866f9ac85.jpg,0,0,1
healthy-36-_jpg.rf.2712a84cad0aeb86eb8bfa64251426d9.jpg,0,0,1
healthy-6-_jpg.rf.2451e42061de82d489c4fed10cd42f92.jpg,0,0,1
image_processing20220902-1323621-8ev7f7_jpg.rf.27f52ff42843724586c8ac7854f8064c.jpg,0,1,0
healthy-36-_jpg.rf.257ea3739e985896e28e20c12205122e.jpg,0,0,1
healthy-17-_jpg.rf.255fd7b3478c78c175ac90b963b9e072.jpg,0,0,1
Target_Spot_Leaf_zciIWN3_jpg.rf.2680ec8b55b6aa91448b68e39c8c17ce.jpg,0,1,0
1436046_jpg.rf.26d01522239c0aa58224c83f88bac328.jpg,1,0,0
180614tc_jpg.rf.24c66f4a0b375cddeb325d0492337c54.jpg,0,1,0
image_processing20220902-2740614-1xsizc_jpg.rf.2409ecbf05fda90d1c5740f6971022ae.jpg,0,1,0
image_processing20220902-2740616-1w39gp2_jpg.rf.27da7d604f2878da444bee9fb71f2a92.jpg,1,0,0
1497002_jpg.rf.251fa7d834455eedb6c1395bfb86e81e.jpg,1,0,0
1-cercosporiose-2_jpg.rf.288b64f84ed3cf2dcc3e85eeb4c2eeae.jpg,0,1,0
4211_jpg.rf.28638e766210a8b28b683243bc19e266.jpg,0,1,0
Alternaria-tabac1_jpg.rf.25409d17e81d7b26efa042d0c4e863ce.jpg,1,0,0
1-cercosporiose-2_jpg.rf.288e998c8b99034c2c168c8ec3233479.jpg,0,1,0
tabac264-265-266_jpg.rf.27b8ee1aa94db42dd35022f74f53ce12.jpg,1,0,0
1-cercosporiose-2_jpg.rf.28b9f7253d65a412fd95ef6888ecac9e.jpg,0,1,0
healthy-17-_jpg.rf.293fcbd4b87f994bb7fcf937c72fd744.jpg,0,0,1
1280px-Alternariaalternata_jpg.rf.291da3d8c195eda9d085630dd6e69494.jpg,1,0,0
tabac264-265-266_jpg.rf.290ebbb66f41a4ccbc267bc2690c6e39.jpg,1,0,0
healthy-34-_jpg.rf.295277a0e0c34204ac1471763fb17952.jpg,0,0,1
tabac245_jpg.rf.27cfa46cc8693df9d2feeac5dbd1d5a2.jpg,0,1,0
1524158_jpg.rf.2976d5f9c037fbc094fd22712e927204.jpg,1,0,0
image_processing20220902-2740614-1xsizc_jpg.rf.2a1c51e09d74303c2c3a4e11ce31bd04.jpg,0,1,0
Target_Spot_Leaf_zciIWN3_jpg.rf.2a52bf8241bf27872b8c338da28c26ef.jpg,0,1,0
cercni2_jpg.rf.2a23725523d00be4e1c58083d0624333.jpg,0,1,0
cercni_jpg.rf.298a197efc4fe2aa2c60e2eb444d531b.jpg,0,1,0
Early_FLS_jpg.rf.2a544472c63afff004a11849d81e5923.jpg,0,1,0
healthy-16-_jpg.rf.2a6317b5ff756b1bd7414802cf8e5445.jpg,0,0,1
1524158_jpg.rf.2a8f78c19870ba88031a35ccbde046e3.jpg,1,0,0
cercni_jpg.rf.2b2ecf5df2234ee58dd91d6a96da829d.jpg,0,1,0
Brown_Spot_3_Large_9jOnKmI_jpg.rf.2b37fb2f9bf124e51b7f70fabbef23fb.jpg,0,1,0
Zachariah-Hansen2_jpg.rf.2b3ab0f77ca3f1028f571148ce890d07.jpg,0,1,0
healthy-30-_jpg.rf.2ad8c909e370885f52e8f54051904454.jpg,0,0,1
healthy-36-_jpg.rf.2b6cadcd565ec69a1944aeef041fed40.jpg,0,0,1
healthy-16-_jpg.rf.2b7a2e8b9bbdf0c4cfdbef5167ccfc82.jpg,0,0,1
healthy-19-_jpg.rf.2be7ca86f5ca5818a8e599d98bb4d274.jpg,0,0,1
healthy-30-_jpg.rf.2cab74dc085505ad2164d36254c0a86a.jpg,0,0,1
Brown_Spot_3_Large_9jOnKmI_jpg.rf.2c5475603d248616e5eca9d605f4d38c.jpg,0,1,0
Brown_Spot_3_Large_9jOnKmI_jpg.rf.2c8b8f1cf9f76e6baac91d9a73433d5e.jpg,0,1,0
1280px-Alternariaalternata_jpg.rf.2d51e1a15b41921b94308e2fc56e2dd4.jpg,1,0,0
cercni2_jpg.rf.2d84bb13503ad7661dd1bf58e2f69783.jpg,0,1,0
Zachariah-Hansen2_jpg.rf.2e7ed4f9a6adc8971500d9f955ef5c23.jpg,0,1,0
tabac267_jpg.rf.2e021f3644e81cfa69616c405a550822.jpg,1,0,0
image_processing20220902-1323621-8ev7f7_jpg.rf.2e5cd3cb9b364dd2212feef8b8f02770.jpg,0,1,0
image_processing20220902-2740614-1xsizc_jpg.rf.2de519a1c9908c984be30470912be740.jpg,0,1,0
Target_Spot_Leaf_zciIWN3_jpg.rf.2e885c3d86e4fa21066b25ce281db7e5.jpg,0,1,0
1280px-Alternariaalternata_jpg.rf.2edd2f6d571d198b7403d5fd00c97275.jpg,1,0,0
healthy-27-_jpg.rf.2e8d56200e4d15816bc7d265ccec931b.jpg,0,0,1
cercni_jpg.rf.2f1b4f01c2c5419cadeb3e1544dc365f.jpg,0,1,0
image_processing20220902-2740614-1xsizc_jpg.rf.2f42513c3e4f979b48862e77fb690060.jpg,0,1,0
healthy-25-_jpg.rf.2f24dc3676226551aca5d75b2763fd4f.jpg,0,0,1
1436046_jpg.rf.300fa36479720853315d4d37ad747f7b.jpg,1,0,0
cercni_jpg.rf.2f422633322ea20e14b7ca9f7fec3147.jpg,0,1,0
180614tc_jpg.rf.2f0129f500d57d5c647845b5db88d5d7.jpg,0,1,0
Zachariah-Hansen2_jpg.rf.2f4804af8e40598bb493e070276a6263.jpg,0,1,0
4211_jpg.rf.3031a02f1e6aed0b24d66a6e57661371.jpg,0,1,0
180614tb_jpg.rf.2fbdb3a881832d3820e220dc5f30183a.jpg,0,1,0
1497002_jpg.rf.3052acde08dd2bfe4acde15ec9d52be2.jpg,1,0,0
4211_jpg.rf.305376c4388d111a4ff8f411aa4e3df6.jpg,0,1,0
4211_jpg.rf.3065e90ea950b8e6b502db0b1341f14e.jpg,0,1,0
1-cercosporiose-2_jpg.rf.3088e529896da1f9c789d6d72d7728ca.jpg,0,1,0
1-cercosporiose-2_jpg.rf.31239c9227f00d323b1b8462e6a9bc0b.jpg,0,1,0
healthy-27-_jpg.rf.30ccff9e53b6815ad78cc66299fc254c.jpg,0,0,1
Target_Spot_Leaf_zciIWN3_jpg.rf.30f21cb0a66d3000ffd928d8e604f794.jpg,0,1,0
tabac245_jpg.rf.317901044b65ae0e231b0fe5ed995920.jpg,0,1,0
1440024_jpg.rf.31bdedf7914aa0396930c7e89f5abad5.jpg,1,0,0
1497002_jpg.rf.321f2861dbadd764ed31ec24766ff931.jpg,1,0,0
1-cercosporiose-2_jpg.rf.34738925db5cd3d419ca8db16f2347eb.jpg,0,1,0
180614tb_jpg.rf.317b282b39da6dabf99bd1df69168e5e.jpg,0,1,0
180614tc_jpg.rf.345fc48c11f44026c3f7f4d2b2ba31ef.jpg,0,1,0
1440025lgpt_jpg.rf.32bae74103cdd18ab8909406a68c7971.jpg,1,0,0
image_processing20220902-2740614-1xsizc_jpg.rf.344c52e351d78a9d37ab1885ef908270.jpg,0,1,0
Early_FLS_jpg.rf.33b59dcde3294621fed537f24518f32a.jpg,0,1,0
tabac264-265-266_jpg.rf.348153a76abb731f762e406948833820.jpg,1,0,0
healthy-20-_jpg.rf.348fb2a8e9726d4e9c4cfc7bcda27afa.jpg,0,0,1
Alternaria-tabac3_jpg.rf.34a48b6772f69acc34ceed779cbc0982.jpg,1,0,0
cercni2_jpg.rf.347fcc93625bfb48a695136f8d53c9f1.jpg,0,1,0
healthy-20-_jpg.rf.34fabe694c7b195e0b511612ab580fe7.jpg,0,0,1
image_processing20220902-2740616-1w39gp2_jpg.rf.34de06018961abe990cee5ef4110d313.jpg,1,0,0
image_processing20220902-2740616-1w39gp2_jpg.rf.34e1bebd7d4747f0060ff3cd6918cb2f.jpg,1,0,0
tabac264-265-266_jpg.rf.34e4f0c1392d4c458a74e2e48194cd6d.jpg,1,0,0
image_processing20220902-2740614-1xsizc_jpg.rf.355d2426e2be87d2877809e6ec18e41c.jpg,0,1,0
image_processing20220902-1323621-8ev7f7_jpg.rf.34fdc4ca77ced727555e41beecb46b5a.jpg,0,1,0
tabac267_jpg.rf.36352b3ebb309e3db409da3e71a29e41.jpg,1,0,0
1497002_jpg.rf.350a5dc5a6df95c39886f5b9a799e1dd.jpg,1,0,0
1440024_jpg.rf.3682e3be58c8e9736fc55494c9aa758d.jpg,1,0,0
1280px-Alternariaalternata_jpg.rf.35c2fa97875e370031e5e079dce0f3b3.jpg,1,0,0
cercni2_jpg.rf.36467deb1a87542cbbc789a0bde19b46.jpg,0,1,0
tabac237_jpg.rf.371daa29378094a6aed5ebc66d0fdf5e.jpg,0,1,0
Early_FLS_jpg.rf.3770b8df21ee195fa96552828c61de31.jpg,0,1,0
healthy-16-_jpg.rf.3821fbcdfc074bd773fdf79dc79c14b2.jpg,0,0,1
1440024_jpg.rf.382166f797d31bd0af3bd049ff5d2bd7.jpg,1,0,0
healthy-15-_jpg.rf.3853294f5b65cd0e94bb7668fbbb25b0.jpg,0,0,1
1524158_jpg.rf.389aebe7c70d319d97ff79e92698179d.jpg,1,0,0
1440025lgpt_jpg.rf.3768cfb6dffa01ebc67cda22d911b076.jpg,1,0,0
1280px-Alternariaalternata_jpg.rf.384c05c7593e7a2fc433c7788d85e07c.jpg,1,0,0
healthy-16-_jpg.rf.375408fedd372e15f4db10fbf3de6e7a.jpg,0,0,1
image_processing20220902-2740616-xssvza_jpg.rf.39198f7204c01ba728f295682cb57d17.jpg,1,0,0
tabac261_jpg.rf.38c4fa56a070507df440e1847b01578e.jpg,1,0,0
image_processing20220902-2740616-xssvza_jpg.rf.39b14442e7e186ab1f0871b2b5c5437a.jpg,1,0,0
tabac267_jpg.rf.38db04b6f4908b8a0502890ee7286d09.jpg,1,0,0
tabac245_jpg.rf.39da49b4d000f96fa5d5775659777669.jpg,0,1,0
tabac237_jpg.rf.3b1ee885c6821275ee38e732ac19a6ae.jpg,0,1,0
Alternaria-tabac1_jpg.rf.3b37c2c1b1ce340c3fdd6944ba83538a.jpg,1,0,0
4211_jpg.rf.39e0c2e922d79ad78710f35983db080d.jpg,0,1,0
healthy-4-_jpg.rf.3b60dbe5d0c61c959ea79e6a08a2c3f7.jpg,0,0,1
1436046_jpg.rf.3c267141075bf9188af13d3ad9194234.jpg,1,0,0
Alternaria-tabac3_jpg.rf.3be9865312b83d5e4e5d3588ffab8a31.jpg,1,0,0
Alternaria-tabac1_jpg.rf.3c7ca2c52215165cd24adfceafdd3aba.jpg,1,0,0
1280px-Alternariaalternata_jpg.rf.3cc507aee2451a2f3b4338e5c04daf2b.jpg,1,0,0
healthy-17-_jpg.rf.3d1c71e0749c03a4ad4b0a56cb8a667f.jpg,0,0,1
Target_Spot_Leaf_zciIWN3_jpg.rf.3ca71f143173108e026c7f5963edeccf.jpg,0,1,0
image_processing20220902-1323614-fzpxm_jpg.rf.3ca40c9ea0754a89ca20ebee03f1cd3e.jpg,0,1,0
1524158_jpg.rf.3d47c06c710b4d0c09d5499b8b65e161.jpg,1,0,0
cercni_jpg.rf.3cb91ffd309f037dd53f7dae2a803b6b.jpg,0,1,0
image_processing20220902-2740614-1xsizc_jpg.rf.3e9bb8764325d3f89322ac38e160c33e.jpg,0,1,0
image_processing20220902-2740616-xssvza_jpg.rf.3db3f85b635011adda52a194e9f352fe.jpg,1,0,0
healthy-16-_jpg.rf.3e3dd99e1de145fbe00d87529a98258d.jpg,0,0,1
1280px-Alternariaalternata_jpg.rf.3d065720eca7e5a086499035eb0ed698.jpg,1,0,0
image_processing20220902-2740614-1xsizc_jpg.rf.3e0738ee647cff68eef2206237462452.jpg,0,1,0
cercni2_jpg.rf.3f22e7783440220eae3539ef908c7585.jpg,0,1,0
cercni2_jpg.rf.3ebbfbe249b1f518717e0409f6a080af.jpg,0,1,0
healthy-27-_jpg.rf.3fa6ecb88e6eda23bc5fd926c3d74182.jpg,0,0,1
healthy-19-_jpg.rf.3f6fdd79c5b2ba148600197d496980c2.jpg,0,0,1
tabac261_jpg.rf.3fb75bf296827c62e37eafedfa8ca2b8.jpg,1,0,0
1280px-Alternariaalternata_jpg.rf.3f74c8217d831adf0f87f433079ffe5f.jpg,1,0,0
4211_jpg.rf.3fa7b503cc332e07c42f4290ceb33801.jpg,0,1,0
Target_Spot_Leaf_zciIWN3_jpg.rf.3fd874db1b4af33352564e0f99403329.jpg,0,1,0
cercni_jpg.rf.4032d5ec015d4413f3eb473992071fa8.jpg,0,1,0
tabac267_jpg.rf.3fae6d56637b0248c4cc167a7b9b2cb8.jpg,1,0,0
Early_FLS_jpg.rf.4032985349ed7952b62f45c3b4c2f100.jpg,0,1,0
cercni_jpg.rf.40344d119ec9ecdf9663a0db54ac677a.jpg,0,1,0
1440024_jpg.rf.4091e29b4e7d77ef422bc4a9dea071b4.jpg,1,0,0
Early_FLS_jpg.rf.4195d8cd584154908842e5b47e7b79eb.jpg,0,1,0
cercni_jpg.rf.416e99dd66d14208e2d4743eb6fb7415.jpg,0,1,0
1497002_jpg.rf.40db8a03d7d3644dab3bf99df26725eb.jpg,1,0,0
4211_jpg.rf.41134c09d01da2f512d31b75eb6ec68e.jpg,0,1,0
1280px-Alternariaalternata_jpg.rf.41eeae8eac1627435b9485ca59b83401.jpg,1,0,0
Alternaria-Zimbabwe1_jpg.rf.42310bb998213dc119674ac2635b3879.jpg,1,0,0
image_processing20220902-2740616-1w39gp2_jpg.rf.419d8772dbdaf6e9663ac072d4bbe8c0.jpg,1,0,0
image_processing20220902-1323614-fzpxm_jpg.rf.44290c880a5b383685384488b1971eab.jpg,0,1,0
4211_jpg.rf.439fe050b442f40edfae3fddcde36795.jpg,0,1,0
Target_Spot_Leaf_zciIWN3_jpg.rf.42fc3bc7e9b9ae9377bdd5dd6a575b73.jpg,0,1,0
Alternaria-tabac1_jpg.rf.4289d7d3fec13f187c00f74072ef1744.jpg,1,0,0
Alternaria-Zimbabwe1_jpg.rf.444325c2e8c592ca0fa3969bf7a99fce.jpg,1,0,0
Alternaria-tabac3_jpg.rf.41ce0a8c9ed2aa26b82e7c10a9a57440.jpg,1,0,0
tabac245_jpg.rf.45d9e4aaf09c99737a20ae1f81d5beeb.jpg,0,1,0
Target_Spot_Leaf_zciIWN3_jpg.rf.454b55868e0397ad4e89181ea33abafa.jpg,0,1,0
Alternaria-tabac1_jpg.rf.450a2a91e1a4d24c9ce66fef55e08e00.jpg,1,0,0
Early_FLS_jpg.rf.4677cd341840bdcedae9a9f7b7a1bc7d.jpg,0,1,0
cercni_jpg.rf.45fbf66373ba8509e96e71709461b224.jpg,0,1,0
image_processing20220902-2740614-1xsizc_jpg.rf.469a4fb2b0decd53503d40dcc8cb18e6.jpg,0,1,0
Target_Spot_Leaf_zciIWN3_jpg.rf.469aae7b3613f16ac4441b8c5c1f69e0.jpg,0,1,0
tabac245_jpg.rf.471f0dcb703d477baaf49a13d352fd71.jpg,0,1,0
healthy-16-_jpg.rf.46feb89fccbc8d40c47a049e13a3a782.jpg,0,0,1
tabac264-265-266_jpg.rf.47033563580ad71a5b675ad263e9df65.jpg,1,0,0
Early_FLS_jpg.rf.474be1954e728e3a74715d0604ab0386.jpg,0,1,0
healthy-30-_jpg.rf.47ae68a15df229d86745754f959382a6.jpg,0,0,1
healthy-5-_jpg.rf.47ccfa47a7b70aec337c176caff29022.jpg,0,0,1
1440024_jpg.rf.478b71878594f5f169219e2ad0d4278e.jpg,1,0,0
1524158_jpg.rf.47ea9190200e8794698601a5126a6462.jpg,1,0,0
180614tc_jpg.rf.47bb32ea888f268c05e519371492bbec.jpg,0,1,0
tabac264-265-266_jpg.rf.48135c77dc33465a07a9ee070a4c1066.jpg,1,0,0
image_processing20220902-2740616-1w39gp2_jpg.rf.4821d97d4de17421ae5a61037d7abaac.jpg,1,0,0
healthy-5-_jpg.rf.483953319c292d2d52bddf7923cf9ac8.jpg,0,0,1
1440025lgpt_jpg.rf.48bb6886de16b17804532b4eba4cec84.jpg,1,0,0
Target_Spot_Leaf_zciIWN3_jpg.rf.48ede69a9aaf2421d19d223aaeade7c5.jpg,0,1,0
tabac237_jpg.rf.48fc9e0c2f6b0ed92b46e2fc801ee8e6.jpg,0,1,0
tabac245_jpg.rf.49186917c1f5e91a275e1c41f99c8538.jpg,0,1,0
Zachariah-Hansen2_jpg.rf.49ee3cebcf8b3707b5d87c2110b173c4.jpg,0,1,0
1436046_jpg.rf.48ecc87a847d2853e4c7f257addab01c.jpg,1,0,0
1280px-Alternariaalternata_jpg.rf.496995a5f60bf9205ae498e2935a2c4f.jpg,1,0,0
healthy-15-_jpg.rf.4adbf78eca7ad57e526c91a8e2d79b64.jpg,0,0,1
image_processing20220902-1323621-8ev7f7_jpg.rf.4a3bad5bae76f5ac578deaf268bff84a.jpg,0,1,0
tabac264-265-266_jpg.rf.4a25006a92e1a82b04ed3f1e5fb9b72a.jpg,1,0,0
Alternaria-Zimbabwe1_jpg.rf.4b030da78abd55167a7a6f4deb91d69f.jpg,1,0,0
healthy-17-_jpg.rf.4a83204983c95db03cd4e018fa263e1f.jpg,0,0,1
healthy-16-_jpg.rf.4b3474d0ac39d62f401b2a9154cf471d.jpg,0,0,1
healthy-25-_jpg.rf.4a761bb2e3f108cede32cce06e90288f.jpg,0,0,1
1440025lgpt_jpg.rf.4b8c36ccdb7a799079965b10cf562e1e.jpg,1,0,0
1497002_jpg.rf.4ae0f480d15902cf0d26a462de82c8a5.jpg,1,0,0
healthy-20-_jpg.rf.4c15fd4b05ae53ac5d6b99ac0620dcdf.jpg,0,0,1
healthy-16-_jpg.rf.4cecc6a52b9518a2646f53c305d5e23a.jpg,0,0,1
healthy-32-_jpeg_jpg.rf.4c81e468b2a394fe05c53e7c67da5372.jpg,0,0,1
image_processing20220902-2740616-xssvza_jpg.rf.4cbaf19c2eb76232d77daef52445dc9c.jpg,1,0,0
Target_Spot_Leaf_zciIWN3_jpg.rf.4d246d53513339dcbbb426f932e1cb91.jpg,0,1,0
Brown_Spot_3_Large_9jOnKmI_jpg.rf.4cfcfc88c719062fa09ea697a1664549.jpg,0,1,0
healthy-19-_jpg.rf.4d680d7a4487ea505fa382da64606c8b.jpg,0,0,1
Early_FLS_jpg.rf.4eabe69612c9c4b786ef349c8d1b8d70.jpg,0,1,0
image_processing20220902-1323621-8ev7f7_jpg.rf.4e20fdfb16a94e41a370dba63a3ad06b.jpg,0,1,0
4211_jpg.rf.4db151faa01abec8ae4a63c72cf91a5d.jpg,0,1,0
image_processing20220902-2740616-1w39gp2_jpg.rf.4ed325ce75025e99094c2110fb1d554b.jpg,1,0,0
image_processing20220902-1323614-fzpxm_jpg.rf.4edd58edcaeee9b16ca3af87790a1ee5.jpg,0,1,0
1524158_jpg.rf.4dc099afdfbe7beee3ed51a8bcbe3df7.jpg,1,0,0
Alternaria-tabac1_jpg.rf.4ea145366b10ed353873798ce4905109.jpg,1,0,0
1436046_jpg.rf.4f554eb2759fbe4bd4fff1cdca1cb66e.jpg,1,0,0
image_processing20220902-2740616-1w39gp2_jpg.rf.506d8cc00df5b366ccf8da403a01e1a6.jpg,1,0,0
healthy-36-_jpg.rf.5026a41a73d94fcb35da6caa3475badf.jpg,0,0,1
1280px-Alternariaalternata_jpg.rf.4fb9b91437124d45ea43de0886493852.jpg,1,0,0
1440024_jpg.rf.508979682ae532c008212655bbe46f7b.jpg,1,0,0
1497002_jpg.rf.502e832b6edc2fbddf1582c16e27e140.jpg,1,0,0
healthy-27-_jpg.rf.513496deee205369028f9d8cb522cccf.jpg,0,0,1
healthy-6-_jpg.rf.51cc16b310bb1b252b2c4c3a5b4c6b0e.jpg,0,0,1
1-cercosporiose-2_jpg.rf.50b41e0c0d3328659a5bbaa40d26f12f.jpg,0,1,0
180614tc_jpg.rf.517c49cf746d9aba17d6f103746fe32e.jpg,0,1,0
180614tb_jpg.rf.51e3cc1d014710ea8d1b46ace9f2af8d.jpg,0,1,0
tabac237_jpg.rf.51d1c47d9b4e1db5fc6eb36b4ad63c53.jpg,0,1,0
image_processing20220902-1323614-fzpxm_jpg.rf.527c8d329252073d204722758ba62850.jpg,0,1,0
cercni_jpg.rf.533ff2f85905114c9a4f0e4c8388c842.jpg,0,1,0
tabac245_jpg.rf.52e4ce29a90aaf13742ab5c98d7fd831.jpg,0,1,0
1440024_jpg.rf.53ead1afc26652411a51a7f0ba174b66.jpg,1,0,0
4211_jpg.rf.524e9cf48429eb8892be02ad6eea8f43.jpg,0,1,0
healthy-19-_jpg.rf.53b31ffa2e39a18dfe6d3ea677aa1b9b.jpg,0,0,1
1436046_jpg.rf.535040bafb34acb7eeee9bfa6102dc78.jpg,1,0,0
Target_Spot_Leaf_zciIWN3_jpg.rf.542e855f0dc6b43a7c6428d4451bff16.jpg,0,1,0
Alternaria-tabac3_jpg.rf.54664d08bbabaac796f8217c80632891.jpg,1,0,0
cercni2_jpg.rf.54513a7ea62d63924412bb0c1c29daa7.jpg,0,1,0
4211_jpg.rf.54e6739be89bb5d4621b6b0176d26460.jpg,0,1,0
1440024_jpg.rf.54a28af7d7743dfea9defd1ec6d05a98.jpg,1,0,0
healthy-36-_jpg.rf.54f034fc15b5ea018db04f4bf117cb8c.jpg,0,0,1
1440024_jpg.rf.551ea007ffb69e93d9642aac48685045.jpg,1,0,0
healthy-15-_jpg.rf.5513abdf72e128621db114fa19fdc1d6.jpg,0,0,1
1524158_jpg.rf.559613a0cdac9e6f0d2b60c7592bb9fc.jpg,1,0,0
Zachariah-Hansen2_jpg.rf.55d685e1f67fcb2e35a64a8d6ff51923.jpg,0,1,0
healthy-15-_jpg.rf.560cf3684f96bfa80563742f7dd2e536.jpg,0,0,1
Early_FLS_jpg.rf.56ece310324e7f0536189960884302dd.jpg,0,1,0
1497002_jpg.rf.55cd38077bbf57749c4f2f7a1965ab9a.jpg,1,0,0
Alternaria-tabac3_jpg.rf.570fd445b64da467f030fb9d622be6a6.jpg,1,0,0
healthy-34-_jpg.rf.575e472503ea1c2901ca7bb07dc29546.jpg,0,0,1
healthy-32-_jpeg_jpg.rf.577719e9aaf426482b3243c5778f212b.jpg,0,0,1
Alternaria-Zimbabwe1_jpg.rf.577223c05f4e5d28605f421ff0c552e2.jpg,1,0,0
Target_Spot_Leaf_zciIWN3_jpg.rf.584c76e4e14a348db7dd475c16192427.jpg,0,1,0
Early_FLS_jpg.rf.57b5c8b6a3a7fdf2a10f681113d83598.jpg,0,1,0
healthy-35-_jpg.rf.59047527a67a2c1d8478c28476295845.jpg,0,0,1
tabac245_jpg.rf.58f67d6e24ed32cabe7f08bb05c671a5.jpg,0,1,0
healthy-34-_jpg.rf.57fe3d4c0b28038fbe0541643744f3bf.jpg,0,0,1
image_processing20220902-1323614-fzpxm_jpg.rf.59876bfa585f4cde5ed33ea653ad4c3a.jpg,0,1,0
healthy-25-_jpg.rf.57eaeaac826707cf17549b46a0958d8b.jpg,0,0,1
Brown_Spot_3_Large_9jOnKmI_jpg.rf.5a3db815a0de0f774e64b2e58a888c06.jpg,0,1,0
healthy-5-_jpg.rf.5dd3965e477a7883bb789a23f74d2c69.jpg,0,0,1
tabac237_jpg.rf.5a990e0dc3c9d1818d4dc6d6c267727d.jpg,0,1,0
healthy-35-_jpg.rf.5f1b337997aa46f69af8ecbc3a9c3084.jpg,0,0,1
1280px-Alternariaalternata_jpg.rf.5f779d298cddb4c1c20621dbbadbe477.jpg,1,0,0
tabac264-265-266_jpg.rf.5b4a225c3e4fdf8a324e6111eccd9d50.jpg,1,0,0
image_processing20220902-1323614-fzpxm_jpg.rf.5ba435f822bf1bceedd4c78bfbbcb6a7.jpg,0,1,0
image_processing20220902-1323614-fzpxm_jpg.rf.59d69b09cb14eaf1e4620ff6aa906886.jpg,0,1,0
Brown_Spot_3_Large_9jOnKmI_jpg.rf.5bd8827f1b429d8c41eab90cd19ae48f.jpg,0,1,0
cercni_jpg.rf.5c0064d3ffa2501e1f1342d317e88c60.jpg,0,1,0
healthy-25-_jpg.rf.59f1f0ff28044f1a5628886eb31d132b.jpg,0,0,1
Alternaria-Zimbabwe1_jpg.rf.5df6298ad321d8846e7c29a3fe292c27.jpg,1,0,0
image_processing20220902-2740616-xssvza_jpg.rf.59acda21b0488414cb871f5b91a50a5e.jpg,1,0,0
1440024_jpg.rf.5ca4a49f474e3a19c24676b99983952a.jpg,1,0,0
healthy-4-_jpg.rf.5d0332b94193299b2f1212a7e03f5517.jpg,0,0,1
cercni_jpg.rf.5b95638717a45885ce04128aed63b193.jpg,0,1,0
cercni_jpg.rf.599a6bb4a19fcfd1e06bd8089d0178d0.jpg,0,1,0
healthy-36-_jpg.rf.5f0f2a51b64d41789ac60c4d743fbac3.jpg,0,0,1
healthy-17-_jpg.rf.5b658c1925c59f77d758b9c201fe42f8.jpg,0,0,1
1440024_jpg.rf.5b6e253c5f6d5739618f791c571dcd76.jpg,1,0,0
tabac237_jpg.rf.5dcbbb7893225ae6c7a1161b149fad11.jpg,0,1,0
Early_FLS_jpg.rf.601226eff8d702425a5e1223ae20b588.jpg,0,1,0
Target_Spot_Leaf_zciIWN3_jpg.rf.5fc39a8ef5f3845425b879ace9eb9e5c.jpg,0,1,0
1280px-Alternariaalternata_jpg.rf.60a2a84e2ebda4b595b08f581a85b792.jpg,1,0,0
healthy-32-_jpeg_jpg.rf.601c73c51c974afab2b5c99ab584379d.jpg,0,0,1
cercni_jpg.rf.5f63c164927d4bc309bc0f031a4ee579.jpg,0,1,0
image_processing20220902-2740616-1w39gp2_jpg.rf.5eef5439aaa2ae09351d1c530ca4baae.jpg,1,0,0
180614tb_jpg.rf.5ad6dbef347b231232140bcbc7f53f28.jpg,0,1,0
healthy-17-_jpg.rf.5ee4812d8ded82c3fb42e5bfc799da13.jpg,0,0,1
image_processing20220902-2740616-1w39gp2_jpg.rf.61965a3e1f7baae108f818ab58f2e51c.jpg,1,0,0
tabac264-265-266_jpg.rf.61ac51cb57c68d41bfd973c9ea02a855.jpg,1,0,0
healthy-35-_jpg.rf.613339e66998086dd2375d754db4747e.jpg,0,0,1
tabac237_jpg.rf.6238555e4fd9d29e3251817b13b137c2.jpg,0,1,0
healthy-29-_jpg.rf.62a76f9339ab4632d166b20bcfcefac2.jpg,0,0,1
image_processing20220902-1323621-8ev7f7_jpg.rf.62c65944f1cec1111be4c23477c268f5.jpg,0,1,0
healthy-17-_jpg.rf.62f0c7c07f09a2ac3c592e3d13c3356b.jpg,0,0,1
180614tc_jpg.rf.624e11dce6433fcfb7139966f6cb4b2a.jpg,0,1,0
healthy-29-_jpg.rf.6354744195f7ada1faefb39cbdeb43ca.jpg,0,0,1
Alternaria-Zimbabwe1_jpg.rf.6468cecbd5e3dc32e738661cc20c933d.jpg,1,0,0
Zachariah-Hansen2_jpg.rf.63432a39a817ed425790102db5e137b7.jpg,0,1,0
4211_jpg.rf.64802d0dc31e314e4ce12e30565b405c.jpg,0,1,0
tabac245_jpg.rf.64f27ffde7b11c2352454ba0f249c1e5.jpg,0,1,0
1440025lgpt_jpg.rf.661231fae6f3cbcf59823f539d8dd89e.jpg,1,0,0
Target_Spot_Leaf_zciIWN3_jpg.rf.65d48c8106529512f10ab0b4c65cf4f6.jpg,0,1,0
healthy-15-_jpg.rf.65ebe45efce8e8f6dddb4b3be1269cca.jpg,0,0,1
1436046_jpg.rf.66eefd27fd44b9ba2c937fa29fc11cba.jpg,1,0,0
Brown_Spot_3_Large_9jOnKmI_jpg.rf.669a293d0d1e2e3bbec1494e7ce81c68.jpg,0,1,0
image_processing20220902-2740616-xssvza_jpg.rf.6634a87b358833d78a41888ef57b856d.jpg,1,0,0
Early_FLS_jpg.rf.6896434a7272753babca6d40e4ee087d.jpg,0,1,0
Alternaria-Zimbabwe1_jpg.rf.683d254c4ac757be27ab139a1f20094a.jpg,1,0,0
healthy-19-_jpg.rf.668fb33f3b200e3d6d1d7d7543af59fe.jpg,0,0,1
Alternaria-tabac3_jpg.rf.683e26813d90a879c29fe6bdd5fcd95c.jpg,1,0,0
image_processing20220902-1323621-8ev7f7_jpg.rf.67739112cf5f48385ebf6b8b90d5d966.jpg,0,1,0
Alternaria-tabac3_jpg.rf.68d8977c7a7dfbf310ffd57b5fff50d6.jpg,1,0,0
Early_FLS_jpg.rf.692caee3e60755ec71305108b42c5178.jpg,0,1,0
1-cercosporiose-2_jpg.rf.69565400b85ac9042396263b4f7f79c8.jpg,0,1,0
Alternaria-tabac3_jpg.rf.699e435036e061822546041e61a2dcdf.jpg,1,0,0
cercni_jpg.rf.6af6b2638c63fbef28a3ab155abbdd40.jpg,0,1,0
healthy-29-_jpg.rf.6aa095ee69b8937660b3b3c4b0f004dc.jpg,0,0,1
tabac267_jpg.rf.69cce570fec52e92794b346e6a8c8adc.jpg,1,0,0
1436046_jpg.rf.6b1d0d8c87c214cbe138acad291e4f74.jpg,1,0,0
healthy-36-_jpg.rf.6b0ac4d7d3a8443c918a3b71dcf8a35c.jpg,0,0,1
Zachariah-Hansen2_jpg.rf.6ba25aa0bbb57bf50b0e11c639540352.jpg,0,1,0
Early_FLS_jpg.rf.6b9364c136fcdb732fb08a7385072bee.jpg,0,1,0
1280px-Alternariaalternata_jpg.rf.6d6a1ddd18145ba46649c0d8ae576b2e.jpg,1,0,0
healthy-15-_jpg.rf.6bd50c01519493ce89f310e4f5f2441e.jpg,0,0,1
Zachariah-Hansen2_jpg.rf.6ccaa359faff2e5bf84b385f3ebd91c8.jpg,0,1,0
healthy-35-_jpg.rf.6c5cd2b8a5a725294f896b0852f18f51.jpg,0,0,1
tabac245_jpg.rf.6da6bc7a8e373bdc18a3c6052567de92.jpg,0,1,0
Alternaria-Zimbabwe1_jpg.rf.6da9dfb8ad2cef18863dca8f23969c76.jpg,1,0,0
Target_Spot_Leaf_zciIWN3_jpg.rf.6dc90f8ea0b1ed413848f8352725d2a2.jpg,0,1,0
Alternaria-tabac3_jpg.rf.6d7e83319486ff108efc63b67187ae32.jpg,1,0,0
healthy-17-_jpg.rf.6deacd3cd554ec3cc300ac73c5122778.jpg,0,0,1
cercni_jpg.rf.6e0396b034fe4fd33b1e2eeb54c30ea2.jpg,0,1,0
healthy-27-_jpg.rf.6e2db274823405aa1eed314fa2f68da0.jpg,0,0,1
image_processing20220902-2740614-1xsizc_jpg.rf.6e2f56129fae40cad67fef4edc2d1db8.jpg,0,1,0
1524158_jpg.rf.6e9eda3c9a45f028a0d9ed5c5ef4294a.jpg,1,0,0
healthy-4-_jpg.rf.6ec93929eaa06e36c0352713f4cd0035.jpg,0,0,1
healthy-25-_jpg.rf.6eb1b6c9002b0b7d4da8fbf9614f9087.jpg,0,0,1
1280px-Alternariaalternata_jpg.rf.6f0266e63b7b3c8b7b73de6313494c3d.jpg,1,0,0
1440025lgpt_jpg.rf.6f83bafa764159da9a9605debefadd42.jpg,1,0,0
healthy-4-_jpg.rf.70df381bc56661162c09faf267cd7d53.jpg,0,0,1
1497002_jpg.rf.70c1f223aebfc97d3704cb3d3d82b1ac.jpg,1,0,0
healthy-16-_jpg.rf.705e4ddba0038a720ea13af26ccd7d08.jpg,0,0,1
tabac267_jpg.rf.6fd309ce2c288649f814eb3311534b6a.jpg,1,0,0
4211_jpg.rf.71bd312740a458dabaa93eb4814652c7.jpg,0,1,0
image_processing20220902-2740616-1w39gp2_jpg.rf.71855c450f87945b21115a938ebfc5af.jpg,1,0,0
1497002_jpg.rf.722b05743789737682ffa675c9471388.jpg,1,0,0
tabac237_jpg.rf.7176adbadb266e24f14ea09a564fea2d.jpg,0,1,0
1497002_jpg.rf.72af1bd302670a7b77bdffa41f33768e.jpg,1,0,0
image_processing20220902-1323621-8ev7f7_jpg.rf.72753e19b2162f529b4922cbe2e18f16.jpg,0,1,0
180614tc_jpg.rf.729be8b0cb06e1dc21ede9ae124fbbe2.jpg,0,1,0
cercni_jpg.rf.728ed19c48dc9f27be8c38c5507fb3f7.jpg,0,1,0
healthy-25-_jpg.rf.736c4e85350a72737ede35c2afc9122c.jpg,0,0,1
healthy-5-_jpg.rf.73c054811064ca67be83eaf87fb50180.jpg,0,0,1
Zachariah-Hansen2_jpg.rf.73b86f7e8c8f48e82a9b6121515fd477.jpg,0,1,0
Early_FLS_jpg.rf.735393cba3f57946f9264e3a9236c123.jpg,0,1,0
Target_Spot_Leaf_zciIWN3_jpg.rf.740a02d7e11e6fd56ddb3cd77771d3cb.jpg,0,1,0
tabac237_jpg.rf.741ff119eab4fbf4600c1cade5e166d0.jpg,0,1,0
Zachariah-Hansen2_jpg.rf.742d0b8fdd60ae415695c5846f57cecd.jpg,0,1,0
Alternaria-tabac1_jpg.rf.75018bfe1f66127499a00025de730c66.jpg,1,0,0
healthy-25-_jpg.rf.74ff12a968ec159634a4900c21750b90.jpg,0,0,1
Alternaria-Zimbabwe1_jpg.rf.74f4ddeaa4e83fff8429d7c5070bc72f.jpg,1,0,0
healthy-5-_jpg.rf.7552153117326fa7bf0f737d7dbaa322.jpg,0,0,1
healthy-4-_jpg.rf.75168608a40e536e816c661820a802b0.jpg,0,0,1
Early_FLS_jpg.rf.75bb611766669d72a7a9ea560dcef26b.jpg,0,1,0
healthy-19-_jpg.rf.75b5bd79f9e8e6a92f3bf72949e13eb1.jpg,0,0,1
1-cercosporiose-2_jpg.rf.7738234d5b9c442783dc09789275e062.jpg,0,1,0
healthy-34-_jpg.rf.76175cb9b2d9af14f240b2355a1d7409.jpg,0,0,1
1440025lgpt_jpg.rf.76621f2f32f6aced6d3e8a7b2327d0cd.jpg,1,0,0
healthy-29-_jpg.rf.75ed418e475c82fa8ec3fbc9db92c6c7.jpg,0,0,1
healthy-29-_jpg.rf.76b63f0cdbf15cfd3c05725c378290c8.jpg,0,0,1
4211_jpg.rf.7991dddf702a8a98e0e45720583b292f.jpg,0,1,0
tabac264-265-266_jpg.rf.787814f7163cbfe599083ba3f4a1b687.jpg,1,0,0
Target_Spot_Leaf_zciIWN3_jpg.rf.794772a0e44809bb65f5c18d3b04ebdd.jpg,0,1,0
1436046_jpg.rf.76e6027f1da73136dd7b39a7c354f00d.jpg,1,0,0
Alternaria-Zimbabwe1_jpg.rf.79214ca3cc7fbf14e9adf0adb4983418.jpg,1,0,0
Brown_Spot_3_Large_9jOnKmI_jpg.rf.79bf3d8890b1754ce8e2d2232264cc15.jpg,0,1,0
Zachariah-Hansen2_jpg.rf.7a36bd8f0d40ae43e3261c3f695ad0d6.jpg,0,1,0
healthy-4-_jpg.rf.7b20a8b4282d4fb9f216b6ba62e27f41.jpg,0,0,1
tabac261_jpg.rf.7b3d4352b7118b63c00797e8beff29da.jpg,1,0,0
healthy-34-_jpg.rf.7bb6b1cfbbf922429c7ba909748dd867.jpg,0,0,1
image_processing20220902-1323621-8ev7f7_jpg.rf.7c04c3a297b556f22d8e0b8430240eb1.jpg,0,1,0
cercni_jpg.rf.7bcd901349435757cb0fd3f72d864b8a.jpg,0,1,0
healthy-16-_jpg.rf.7cb8568bf3a09b8e901ae1aa2e68620a.jpg,0,0,1
4211_jpg.rf.7c7287fb5437983e63d81e47d230cbf4.jpg,0,1,0
1524158_jpg.rf.7c8c5f1d795f61e923e3eacda56cca98.jpg,1,0,0
healthy-16-_jpg.rf.7d03754bcf31a66bf9e8c52c14e85562.jpg,0,0,1
healthy-5-_jpg.rf.7c5c0a16085a4e57f800b11103dfeb39.jpg,0,0,1
healthy-15-_jpg.rf.7d879c7e25e0f031fae3bd76adacd26c.jpg,0,0,1
180614tc_jpg.rf.7dcc54f4048df93dc6dceee7836aa028.jpg,0,1,0
1524158_jpg.rf.7da283a0e7192921163be8e4133888e3.jpg,1,0,0
Target_Spot_Leaf_zciIWN3_jpg.rf.7dbbbe09c7d089db4d3c23716eb587bb.jpg,0,1,0
healthy-16-_jpg.rf.7dbffe35aca9fe98259217c49cd4d08d.jpg,0,0,1
1436046_jpg.rf.7cbc282f4b44ce1cdd94e13c19a90c07.jpg,1,0,0
1-cercosporiose-2_jpg.rf.7e548ffa311ff60ed2df607de14951cf.jpg,0,1,0
healthy-25-_jpg.rf.7ddb71c39e6a247cfe2ec755acad7cbb.jpg,0,0,1
cercni2_jpg.rf.7f5e263218f8575adfe10de2886808fd.jpg,0,1,0
healthy-15-_jpg.rf.7e94ffb8a9318848bcdcc324110e5f27.jpg,0,0,1
image_processing20220902-1323621-8ev7f7_jpg.rf.7f68af611e98db9ccc3f27048e10917b.jpg,0,1,0
tabac245_jpg.rf.7fa9c645e1e88cfd90efd1e57466047c.jpg,0,1,0
image_processing20220902-2740614-1xsizc_jpg.rf.8083bab1b0e94cfe3c78318016ceff3f.jpg,0,1,0
Alternaria-Zimbabwe1_jpg.rf.7fbcbe77b4e6fd41dbb16279aacfcdd8.jpg,1,0,0
tabac237_jpg.rf.80a0c7c771a04633b48e27ac7447be9b.jpg,0,1,0
180614tc_jpg.rf.80fb1a8d5056243e9847dd08beb7af9e.jpg,0,1,0
Early_FLS_jpg.rf.8103d316a220bbfcfd103feecc4bc820.jpg,0,1,0
cercni_jpg.rf.81f619610a1a6e8a177c4118fd8578d6.jpg,0,1,0
Alternaria-tabac1_jpg.rf.81ace1970963aad7646257c6c3b6aebf.jpg,1,0,0
Brown_Spot_3_Large_9jOnKmI_jpg.rf.81a92267ca11a6f59fa4aff9cfb2edf1.jpg,0,1,0
Brown_Spot_3_Large_9jOnKmI_jpg.rf.8248b241d96ab8494ea07f2a092a37e2.jpg,0,1,0
180614tc_jpg.rf.8247c59378d50586d144413037aee1b9.jpg,0,1,0
1524158_jpg.rf.8226d9527e732e87821de7f725cd47b0.jpg,1,0,0
healthy-4-_jpg.rf.82de4883450d3d81eade787c04c9bedd.jpg,0,0,1
1440024_jpg.rf.83060b40bae82cf6872d27af75400e17.jpg,1,0,0
1524158_jpg.rf.849262fdafed05fc9fc9461fed8ea912.jpg,1,0,0
1440024_jpg.rf.838b8b8ed60649abdead96d223c0dd35.jpg,1,0,0
tabac237_jpg.rf.84e3a81099f0e52f677c70272306634d.jpg,0,1,0
Target_Spot_Leaf_zciIWN3_jpg.rf.84bf1bdc0495b1d01c440fb9e22fa19b.jpg,0,1,0
Early_FLS_jpg.rf.85305ab8b499a45cc9f0a4115394102c.jpg,0,1,0
4211_jpg.rf.84f8212d9a00b28522ffcd0732b36500.jpg,0,1,0
1440024_jpg.rf.84f55303541592f82e1a8957fb7edda2.jpg,1,0,0
1436046_jpg.rf.854a558b33baf47b1c88b330e46fbfb7.jpg,1,0,0
Zachariah-Hansen2_jpg.rf.85e58d6c39e858afb82bc11fcdfae7de.jpg,0,1,0
1280px-Alternariaalternata_jpg.rf.85a6ff1e5d65a58eaf0ed0c3af53e6d9.jpg,1,0,0
tabac237_jpg.rf.866bd3f3c6f3d66442476abcc5162113.jpg,0,1,0
tabac261_jpg.rf.857e1eefd8b3bd372572ee47ccd745fa.jpg,1,0,0
1440024_jpg.rf.86bab4d69bdef276fd5c5c86ff369960.jpg,1,0,0
healthy-29-_jpg.rf.8847e34287be0a93fc22f0e6da87a806.jpg,0,0,1
Alternaria-tabac3_jpg.rf.8803736acd9c889993e05857026a5593.jpg,1,0,0
1497002_jpg.rf.87bea66ceaa56045a4c79f9efdb892e1.jpg,1,0,0
healthy-5-_jpg.rf.86e699f3a1912dc1725519aa319cce27.jpg,0,0,1
1280px-Alternariaalternata_jpg.rf.88b8951d7ad85c61dffd8a8ba6f2b2ac.jpg,1,0,0
image_processing20220902-2740614-1xsizc_jpg.rf.8880ea9925888385693b8d8a7680b35e.jpg,0,1,0
1-cercosporiose-2_jpg.rf.88484346b10caab53b6fce7191e86df3.jpg,0,1,0
180614tb_jpg.rf.88f1c3de964147b82b8fc34a2dc96e7d.jpg,0,1,0
Target_Spot_Leaf_zciIWN3_jpg.rf.89d86b462e526c9a206508e55e7e3728.jpg,0,1,0
1440024_jpg.rf.8978ee2e442aa99406304d44f9497ecc.jpg,1,0,0
healthy-35-_jpg.rf.8a20c26b76413a601a7e87a5387bf1c2.jpg,0,0,1
1440024_jpg.rf.8b1e8cff5d9578a6381e27ee9811d3d0.jpg,1,0,0
Early_FLS_jpg.rf.8aa10fb106c041674909c09b83c1553c.jpg,0,1,0
Alternaria-tabac3_jpg.rf.8a3d796fb57cf70eea837865aa339564.jpg,1,0,0
healthy-32-_jpeg_jpg.rf.8b36acc332325346d71c62eb8aaea27c.jpg,0,0,1
tabac245_jpg.rf.8b805d8856fb372ac69a0bb9d4c5049d.jpg,0,1,0
1280px-Alternariaalternata_jpg.rf.8c889215a3c36be6adf932e59ee6f970.jpg,1,0,0
image_processing20220902-1323621-8ev7f7_jpg.rf.8d263349856bc118a10ac24d92933bb7.jpg,0,1,0
1440025lgpt_jpg.rf.8cd33881b6f5a875a1666dd75f76f3b2.jpg,1,0,0
Alternaria-tabac1_jpg.rf.8c31282fc9ca80e09e0ac568dbf03c8f.jpg,1,0,0
image_processing20220902-1323621-8ev7f7_jpg.rf.8dc2f59cd0c9e63e662eb98fde2f6125.jpg,0,1,0
cercni_jpg.rf.8e0748483eae81547a56918ad6c4cf13.jpg,0,1,0
image_processing20220902-2740614-1xsizc_jpg.rf.8d5115943302bffe12454b448ad9b1e5.jpg,0,1,0
image_processing20220902-1323621-8ev7f7_jpg.rf.8f8c6cf55d4feed40bdca1a11fff043b.jpg,0,1,0
healthy-15-_jpg.rf.8d588a0f628fd0e61992032bd779f06b.jpg,0,0,1
healthy-27-_jpg.rf.8fa604d2c99fe367fc00f096356c1d85.jpg,0,0,1
image_processing20220902-1323614-fzpxm_jpg.rf.8ff1549c9f2c309060b4da89cbb257c0.jpg,0,1,0
4211_jpg.rf.8f7374201ac4bce3d075f87f3f23e7da.jpg,0,1,0
cercni2_jpg.rf.8ff7c5a89069b2778d01d569a551600f.jpg,0,1,0
cercni_jpg.rf.906f86656ef1333c8a483a98b7434f08.jpg,0,1,0
cercni_jpg.rf.90e99db362e64ed876002881b5893808.jpg,0,1,0
1436046_jpg.rf.91cc6dfee6d695a9cfb4af88cce21854.jpg,1,0,0
1440025lgpt_jpg.rf.91d7a023e6c21f946623f0c1559a8c27.jpg,1,0,0
1440025lgpt_jpg.rf.917e5a5ce08008c8ff34ce901eba53aa.jpg,1,0,0
healthy-17-_jpg.rf.92c7b95f2f07e2ee297c3411b2e8a8d1.jpg,0,0,1
1524158_jpg.rf.92fa19de2efddb0f030c7a8f07bc9efd.jpg,1,0,0
1436046_jpg.rf.92e6b8ad4d47b7c56cd25e0303845133.jpg,1,0,0
1-cercosporiose-2_jpg.rf.9315f8b5156f4df7d4d5760f179575eb.jpg,0,1,0
image_processing20220902-2740614-1xsizc_jpg.rf.940cc2a67f8745d84ff83c6f8f2949c9.jpg,0,1,0
1497002_jpg.rf.936886978cc28707ae04e61717f92811.jpg,1,0,0
1440024_jpg.rf.947b63a0d1af1e887068ce598820de67.jpg,1,0,0
image_processing20220902-1323621-8ev7f7_jpg.rf.94b5970186372ca7d1943b458ae5b858.jpg,0,1,0
image_processing20220902-1323621-8ev7f7_jpg.rf.94c857defcc0255a3a2a255266cfe141.jpg,0,1,0
tabac237_jpg.rf.95361422e34a96842111a0ca188dd374.jpg,0,1,0
healthy-6-_jpg.rf.95f49ce4857bc9c91ae0351578ac0f63.jpg,0,0,1
image_processing20220902-1323621-8ev7f7_jpg.rf.95c11fd96b185cca17368ff2bf7c6da4.jpg,0,1,0
image_processing20220902-1323621-8ev7f7_jpg.rf.970d2458a12ce2d1e37bff323d2dde72.jpg,0,1,0
image_processing20220902-1323614-fzpxm_jpg.rf.96bebef8aee416f71a400b290e19db5f.jpg,0,1,0
4211_jpg.rf.9751e6abc2b166eb191b2bb342d9edef.jpg,0,1,0
cercni_jpg.rf.973ca2dad42ee85aad62697041a2e3f5.jpg,0,1,0
1436046_jpg.rf.978a5e7065c167f3d2858d80c30dc42f.jpg,1,0,0
healthy-20-_jpg.rf.962aabf144e6cac6c52a14f0648ceabc.jpg,0,0,1
Early_FLS_jpg.rf.975aa1ecd4bd2189b53b3138f6668d05.jpg,0,1,0
Early_FLS_jpg.rf.96c61270a0ef60951a574452a2ec0cef.jpg,0,1,0
healthy-4-_jpg.rf.986f051a27c328dd40cc9a97bb9dd324.jpg,0,0,1
Early_FLS_jpg.rf.978f3419603fb52362f6fbb53a792b36.jpg,0,1,0
1440025lgpt_jpg.rf.98032cad4a74b707a7ffa30370a43b6e.jpg,1,0,0
tabac264-265-266_jpg.rf.98344277c415ec645a82b1ebf14046b6.jpg,1,0,0
healthy-17-_jpg.rf.99642d1faf0b4a36c5d9e820f3ec919e.jpg,0,0,1
1440024_jpg.rf.98c06f325e0e49ed6b0285f576338e4a.jpg,1,0,0
image_processing20220902-2740616-1w39gp2_jpg.rf.99c79fc88160324eda4541a0afdc2c43.jpg,1,0,0
1436046_jpg.rf.9b0d11dc52f38825c7328888348eed78.jpg,1,0,0
image_processing20220902-1323614-fzpxm_jpg.rf.9a876da7b36df079f918cc5237e8eca4.jpg,0,1,0
180614tc_jpg.rf.9caf9d36a49bb97f46bb2162eb7050e8.jpg,0,1,0
tabac245_jpg.rf.9b92138be930f0491deeed38b6e94f5a.jpg,0,1,0
healthy-29-_jpg.rf.9d625c25d8e77c58d3363aef733d7bf1.jpg,0,0,1
Early_FLS_jpg.rf.9cd5dfbc81687600fc4d5b9ef6f9bd8d.jpg,0,1,0
Early_FLS_jpg.rf.9d9e52e4b655b69801e69ca79bd14cf4.jpg,0,1,0
tabac237_jpg.rf.9a72dac553966dd9bbadc2206f6838a0.jpg,0,1,0
healthy-19-_jpg.rf.9e37960e6a480bffbf0b603e26715533.jpg,0,0,1
image_processing20220902-2740614-1xsizc_jpg.rf.9e5e1e96dd69b6920f5c456dc6d6b50a.jpg,0,1,0
healthy-30-_jpg.rf.9e8bb8d9ba9dbf66c880947636a4189c.jpg,0,0,1
image_processing20220902-2740616-xssvza_jpg.rf.9ea1e1bc89ba8f6d4dcb617e552d3320.jpg,1,0,0
1440025lgpt_jpg.rf.9e150fdc7d47815ffb433b777760584d.jpg,1,0,0
Alternaria-tabac3_jpg.rf.9de87943276539c66bde4418a6693bbd.jpg,1,0,0
cercni2_jpg.rf.9f1df6928bb817ef209a5f3ad66f8262.jpg,0,1,0
1497002_jpg.rf.9ecbf0a69c2c696b8d3766b30e1be123.jpg,1,0,0
tabac245_jpg.rf.a0211d862250f2428d76a3aa9880c348.jpg,0,1,0
Early_FLS_jpg.rf.9f9f573624c2c10c62d76646a38d5017.jpg,0,1,0
healthy-36-_jpg.rf.9f5866c356e2c04ce3d90a253d0f983d.jpg,0,0,1
1436046_jpg.rf.a07ad90d729f5334f171fa2c84a48d1d.jpg,1,0,0
4211_jpg.rf.a0538cb3a988e4f16068ba7d75238eab.jpg,0,1,0
healthy-16-_jpg.rf.9eb8b5691ae037216065b82601755b7a.jpg,0,0,1
